Case Report,Diagnosis,Epidemic Forecasting,Mechanism,Prevention,Transmission,Treatment,pmid
0,1,0,1,1,1,1,32788071
0,0,0,0,1,0,0,33011335
0,0,0,0,1,0,0,32341722
0,0,1,0,1,0,0,32864224
0,0,0,0,1,1,0,32880558
0,0,0,0,1,0,0,32563581
0,0,0,0,1,0,0,32997641
0,1,0,0,0,0,0,32730215
0,0,0,0,0,0,1,32559820
0,1,0,0,0,0,1,32716922
0,0,0,0,1,0,0,33072340
0,0,0,0,1,0,0,32834699
0,0,0,0,1,0,0,32388136
0,0,0,0,1,0,0,32838157
0,0,0,0,1,0,0,32356047
0,0,0,0,1,0,0,32470131
0,0,0,0,1,0,0,32724002
0,0,0,0,0,0,1,33034695
0,0,0,0,1,0,0,32807565
0,0,0,0,1,0,0,32882074
0,1,0,0,0,0,1,32706293
0,0,0,0,1,1,0,32621859
0,0,0,0,1,0,0,33006676
0,1,0,0,0,0,1,33041057
0,0,1,0,0,0,0,32839733
0,0,0,1,0,0,1,32392072
0,0,0,0,1,0,0,33038310
0,1,0,0,0,0,0,32416599
0,0,0,0,1,0,0,32761123
0,1,0,0,0,0,1,32623632
0,0,0,0,1,0,0,32396601
0,0,0,0,1,0,0,32838040
0,0,0,1,0,0,1,32534226
0,1,0,0,0,0,1,32799392
0,0,0,0,0,0,1,32937800
1,0,0,0,0,0,0,32930820
0,0,0,0,1,0,0,32709733
0,0,0,1,0,0,1,32442437
0,0,0,0,1,0,0,32419401
1,0,0,0,0,0,0,32574337
0,0,0,1,0,0,0,32834891
0,0,0,0,0,0,1,32474476
0,1,0,0,0,0,0,32733706
0,0,0,1,0,0,1,32978729
0,1,0,0,1,0,0,32451194
0,1,0,0,1,0,0,33004002
0,1,0,0,0,0,1,32727345
0,0,1,0,1,0,0,34251243
0,0,0,0,1,0,0,32782767
1,0,0,0,0,0,0,32584397
0,0,0,1,0,0,1,32941783
0,1,0,0,0,0,1,32696763
0,1,0,0,0,0,0,32662396
0,0,0,0,1,0,0,32524956
0,0,0,1,0,0,1,32416679
0,0,0,0,1,0,0,32472974
0,0,0,0,1,0,0,32541251
0,0,0,0,1,0,0,32702560
0,0,0,1,0,0,1,32765270
0,0,0,0,1,0,0,32335697
0,0,0,0,1,0,0,32788769
0,1,0,0,0,0,0,32505777
0,0,0,0,1,0,0,32953842
0,0,0,0,1,1,0,34146809
0,0,0,1,0,0,1,32512490
0,0,0,0,1,0,0,32277236
0,0,0,0,1,0,0,32712116
0,1,0,0,0,0,0,32876207
0,1,0,1,0,0,0,32109279
0,0,0,0,0,1,0,34396958
0,0,0,1,0,0,1,32563187
0,0,0,0,1,0,0,32541583
0,0,0,0,1,0,0,32693023
0,0,0,0,1,0,0,32956236
0,1,0,0,0,0,1,33075408
0,0,0,0,1,0,0,32842293
0,0,0,1,0,0,1,32869854
1,0,0,0,0,0,0,32890723
0,0,0,0,1,0,0,32903195
0,1,0,0,0,0,0,32620590
0,1,0,1,1,1,0,32322993
0,1,0,0,0,0,1,32446978
1,0,0,0,0,0,0,32834987
0,0,0,0,1,0,0,32916972
0,0,0,0,1,1,0,33895227
0,0,0,0,1,0,0,32530033
0,0,0,0,1,0,0,32482759
1,0,0,0,0,0,0,32741394
0,0,0,0,1,0,0,32267209
0,1,0,0,0,0,1,32416069
0,0,0,0,0,0,1,32646657
0,0,0,0,1,0,1,32077661
0,1,0,0,0,0,0,32580948
0,1,0,1,0,0,0,32799894
0,1,0,0,0,0,0,32916926
0,0,0,1,0,0,1,32628969
0,1,0,0,0,0,1,33069725
1,0,0,0,0,0,0,32689586
0,1,0,0,0,0,0,32383254
0,0,0,0,0,0,1,32389025
0,0,0,0,0,0,1,32665039
0,0,0,0,0,0,1,32560745
0,0,0,1,0,0,1,32850989
0,0,0,0,0,0,1,33063053
0,0,0,0,1,0,0,32802216
0,1,0,1,1,0,0,32715310
0,0,0,0,0,0,1,32658716
0,1,0,0,0,0,0,32890414
0,0,0,0,0,0,1,32164087
1,0,0,0,0,0,0,32642391
0,0,0,1,0,0,0,32183941
0,0,0,0,1,1,0,34138866
0,1,0,0,1,0,0,32815351
0,0,0,1,0,0,1,32608329
0,0,0,1,0,0,1,32651067
0,1,0,0,1,0,0,32554619
0,0,0,0,1,1,0,34324882
0,0,0,0,1,0,0,32949881
0,1,0,0,0,1,0,32491982
0,0,0,0,1,0,0,32186277
0,1,0,0,0,0,1,32589164
0,0,0,0,1,0,0,32918076
0,1,0,0,0,0,1,32862753
0,0,0,1,0,0,1,32864299
0,0,0,0,1,0,0,32667069
0,0,0,0,1,0,0,32837836
0,0,0,0,1,0,0,32532460
0,1,0,0,0,0,1,33047431
1,0,0,0,0,0,0,32709772
1,0,0,0,0,0,0,32267998
0,0,0,0,1,0,0,32999543
0,0,0,0,1,0,0,32501305
0,0,0,1,0,0,0,32368569
0,0,0,0,1,0,0,32519594
0,0,0,0,1,0,0,32787916
0,0,0,0,1,1,0,34162550
0,0,0,1,0,1,0,33312128
0,1,0,0,0,0,0,33035133
0,0,0,0,1,0,0,32829726
0,0,0,0,0,0,1,32454888
0,1,0,0,0,0,1,32838154
0,1,0,0,0,0,1,32805546
0,1,0,0,0,0,1,32631458
0,0,0,0,1,0,0,32965401
0,0,0,0,1,0,0,32476163
0,0,1,1,0,0,1,32433946
0,0,0,0,0,0,1,32972430
0,0,0,0,1,0,0,32358853
0,0,0,0,1,0,0,32940326
0,0,0,1,0,0,1,32422146
0,0,0,0,0,0,1,32780300
0,0,0,0,1,0,0,32368252
0,0,0,0,1,1,0,33500682
0,1,0,1,0,0,1,32902367
0,0,0,0,1,0,0,32489248
0,0,0,0,1,0,0,32837391
0,0,0,0,1,0,0,32833273
0,1,0,0,0,0,0,32395897
0,0,0,1,0,0,1,32764454
0,1,0,0,0,1,0,32904469
0,0,0,0,1,0,0,32796237
0,0,0,0,1,0,0,32963632
0,0,0,0,1,1,0,33115683
1,0,0,0,0,0,0,32868974
1,0,0,0,0,0,0,32963961
0,0,0,0,0,0,1,32883328
0,0,1,0,1,0,0,32679861
0,1,0,1,0,0,1,32984768
1,0,0,0,0,0,0,32780853
0,0,0,0,0,0,1,32804279
0,0,0,0,1,0,0,32821441
0,0,0,0,0,1,0,32689956
0,0,0,1,0,0,1,32293875
0,1,0,1,0,0,0,32247212
1,0,0,0,0,0,0,32670785
0,1,0,0,0,0,0,32677821
0,0,0,0,0,0,1,32935331
0,0,0,0,1,0,0,33054671
0,1,0,0,0,0,1,32974210
0,1,0,0,0,0,0,32753516
0,0,0,0,1,0,0,32836361
0,0,0,0,1,0,0,32457027
0,1,0,0,1,0,1,32782044
0,0,0,0,0,0,1,32108359
0,0,1,0,0,0,0,32288415
1,0,0,0,0,0,0,33062489
0,0,0,0,1,0,0,32925566
0,0,0,1,0,1,0,32592038
0,0,0,0,1,0,0,33038926
0,0,0,0,0,0,1,32401611
0,0,0,0,1,0,0,32938502
0,0,0,1,0,0,1,32196707
0,1,0,0,0,0,0,33022019
0,0,0,0,1,0,0,32880329
0,0,0,0,1,1,0,32575016
0,0,0,0,0,0,1,32744917
0,0,0,0,1,0,0,32488422
0,1,0,0,0,0,0,32725148
0,0,0,0,0,0,1,32526698
0,0,0,0,1,0,0,33020395
0,0,0,0,0,1,0,33897242
0,0,0,0,1,0,0,32598096
0,0,0,0,1,0,0,32342164
0,0,0,1,0,0,1,32374537
0,0,0,0,1,0,0,33017835
0,0,0,0,1,0,0,32929416
0,0,0,0,0,0,1,32319200
0,0,0,1,0,0,1,32998157
1,0,0,0,0,0,0,32938656
0,0,0,1,0,0,1,32550069
0,0,0,0,1,0,0,32404205
0,0,0,0,1,0,0,32682653
0,0,0,0,1,0,0,32536750
0,1,0,0,0,0,0,32582748
0,0,0,0,1,0,0,32292815
0,0,0,0,1,0,0,33072837
0,0,0,0,1,0,0,32433100
0,1,0,0,0,0,1,32874203
0,0,1,0,1,0,0,33184338
0,0,0,0,0,0,1,32768693
0,0,0,1,0,0,0,33052496
0,0,0,0,1,0,0,33023743
0,0,0,0,0,0,1,32838283
0,1,0,0,1,0,0,33015681
0,1,0,1,0,0,1,33038433
0,0,0,1,0,0,1,33077403
0,0,0,0,1,0,0,32834373
0,0,1,0,1,0,0,34273292
0,0,0,0,1,0,0,32402928
0,1,0,1,0,0,1,32990479
0,0,0,0,1,0,0,33036052
0,0,0,0,1,0,0,32956730
0,0,0,0,1,0,0,32879099
0,0,1,1,0,0,0,33747543
0,1,0,1,0,0,1,32930456
0,0,0,0,0,0,1,32805422
0,0,0,0,1,0,0,32830167
0,1,0,0,0,0,0,32866812
0,0,0,1,0,0,1,32359396
0,0,0,0,0,1,0,33561448
1,0,0,0,0,0,0,32638022
0,1,0,0,0,0,1,32549297
0,0,0,0,1,0,0,32910692
0,1,0,0,0,0,1,33004167
0,0,0,0,1,0,1,32600107
0,0,1,0,1,0,0,32341718
0,0,0,1,0,0,1,32929317
0,0,0,0,1,0,0,32576057
0,1,0,0,0,0,0,32820210
0,0,0,0,1,0,0,32909834
0,1,0,1,0,1,1,33158234
0,0,0,0,1,0,0,33058485
1,0,0,0,0,0,0,32520514
0,1,0,0,0,0,1,32483458
0,0,0,0,1,0,0,32364809
1,0,0,0,0,0,0,32984835
0,0,0,0,1,0,0,33016772
0,0,0,0,0,0,1,32841342
0,0,0,0,1,0,0,32926250
0,0,0,0,1,0,0,32921738
0,1,1,0,0,0,0,34026472
0,0,0,0,1,0,0,32837977
0,0,0,0,1,0,0,32797094
0,0,0,0,1,0,0,32815845
0,0,1,0,0,0,0,33499219
0,0,0,1,0,0,1,32882331
0,1,0,0,0,0,0,32771222
0,1,0,0,0,0,1,32665398
0,1,0,1,1,0,1,32090448
0,0,0,0,1,0,1,32778622
0,0,0,0,1,0,0,32468229
0,0,0,0,1,0,0,32837046
0,1,0,0,0,0,1,33062333
0,0,0,0,1,0,0,32497852
1,0,0,0,0,0,0,32681166
0,0,0,1,0,0,1,32708755
0,1,0,0,0,0,1,32983456
0,1,0,0,0,0,0,32702365
0,0,0,0,0,1,0,33496222
0,1,0,0,0,0,1,32757404
0,0,0,0,1,0,0,32838328
0,0,0,0,1,0,0,32834559
0,0,0,0,1,1,0,33282625
0,0,0,0,1,1,0,32408911
0,0,0,0,1,1,0,33792808
0,0,0,0,1,0,0,32989416
0,0,0,0,1,0,0,32607352
0,0,0,1,0,0,1,32561465
0,0,0,0,1,0,0,32208140
0,0,0,0,1,0,0,32802824
0,0,0,0,1,0,0,32750004
0,0,0,0,1,0,0,32458760
0,0,0,0,1,1,0,33727636
0,0,0,0,1,0,0,32474101
0,0,0,1,0,1,0,32145216
0,0,0,0,0,0,1,32693436
0,0,0,0,1,0,1,32623296
0,0,1,0,1,0,0,34129512
0,0,0,1,0,0,1,32691875
0,0,0,0,0,0,1,33023033
0,1,0,0,0,0,1,32911619
0,1,0,0,0,0,1,32987902
0,0,0,0,1,0,0,32952468
0,0,0,0,1,0,0,32696908
0,0,0,0,1,0,0,32947252
0,1,0,0,0,0,1,32472675
0,0,0,1,0,0,1,32991323
0,0,0,0,1,0,0,32880332
0,0,0,0,1,0,0,32711687
0,1,0,0,0,0,1,32922211
0,0,0,0,0,0,1,32963563
1,0,0,0,0,0,0,32878841
0,0,0,0,1,0,0,32961081
0,1,0,0,0,0,1,32363045
0,0,1,0,1,0,0,33522669
0,0,0,0,1,0,0,32980768
0,0,0,0,1,1,0,34237267
0,0,0,0,1,0,0,32818515
0,1,0,0,0,0,1,32986248
0,0,0,0,1,0,0,32502958
1,0,0,0,0,0,0,32458044
0,0,0,0,1,0,0,32879114
0,1,0,0,0,0,0,32708803
0,1,0,0,0,0,1,32741802
0,0,0,0,1,0,0,32513429
0,0,0,0,1,0,0,32563080
0,0,0,0,1,0,0,32775943
0,0,0,1,0,0,1,32896566
0,1,0,1,0,0,1,33013675
0,0,0,0,1,0,0,32730366
0,0,0,0,1,1,0,32977848
0,0,0,0,1,0,0,33078135
0,0,0,1,0,0,0,32349035
0,0,0,1,0,1,0,32818801
0,0,1,0,1,0,0,34149970
0,0,0,0,1,0,0,32409839
0,0,0,0,1,0,0,32975134
0,0,0,0,1,1,0,33182015
0,0,0,0,1,0,1,32586933
1,0,0,0,0,0,0,32837878
0,0,0,0,1,0,0,32836446
1,0,0,0,0,0,0,32474657
0,1,0,0,0,0,1,32539446
1,0,0,0,0,0,0,32983891
0,0,0,0,1,1,0,32392129
0,0,0,0,1,0,0,32289260
0,1,0,1,0,0,0,32302675
0,0,1,0,1,0,0,34306169
0,0,0,0,1,0,0,32551776
0,0,0,0,1,0,0,32296826
0,0,0,0,1,0,0,32648280
1,0,0,0,0,0,0,32770414
0,0,0,0,1,0,0,32891414
0,0,0,0,1,0,0,33039215
0,1,0,1,0,0,0,32673476
0,1,0,0,0,0,0,33747260
0,1,0,0,0,0,0,32416289
1,0,0,0,0,0,0,32952393
0,0,0,1,0,0,1,33014780
0,0,0,1,0,0,1,32961440
0,1,0,0,1,1,0,33152271
0,0,0,0,1,0,0,32672917
0,1,0,0,0,0,1,32618665
0,0,0,0,1,0,0,33043106
0,0,0,0,1,0,0,32736887
0,0,0,0,1,0,0,32776515
0,0,0,0,1,0,0,32443430
0,0,0,0,0,0,1,32887954
0,0,1,0,1,0,0,32629121
0,0,0,0,1,0,0,32563514
0,1,0,0,0,0,1,32674450
0,0,0,1,0,0,1,32526206
0,1,0,0,0,0,1,32859866
0,0,1,0,0,0,0,33951962
0,0,0,0,0,1,0,33263060
0,1,0,0,0,0,1,32964205
0,0,0,1,0,0,0,32568027
0,0,0,0,1,1,0,34322402
0,1,0,1,0,0,1,32729463
0,0,0,0,0,0,1,33001008
0,0,0,1,0,0,1,32423664
0,1,0,0,0,0,1,33019984
0,0,0,1,0,1,0,34328074
1,0,0,0,0,0,0,33009361
0,0,0,1,0,0,1,32556101
0,0,0,0,1,0,1,32782815
0,0,0,0,1,0,0,33009166
0,0,0,0,1,0,0,33043842
0,0,0,0,1,0,0,32970710
0,0,0,0,0,0,1,32516839
0,0,0,1,0,0,1,32425013
0,1,0,0,1,0,0,32819125
0,0,1,0,0,0,1,32536734
0,1,0,0,0,0,1,32344320
0,0,0,0,1,0,0,32936947
0,1,0,1,0,0,1,32728817
0,0,0,0,1,0,0,32835346
1,0,0,0,0,0,0,32275347
0,0,0,0,1,0,0,32702389
0,1,0,1,0,0,1,33069383
0,1,0,0,0,0,0,32774118
0,0,0,1,0,0,1,32445872
0,0,0,1,0,0,1,32552462
0,0,0,0,0,0,1,32312600
0,1,0,0,1,0,1,32782814
0,0,0,1,0,1,0,33469026
0,0,0,0,0,0,1,33008327
0,0,0,0,1,0,0,32513593
0,0,0,0,1,0,0,32680760
0,1,0,0,0,0,1,33008459
0,1,0,0,0,0,0,32408222
0,0,0,0,1,0,0,32525826
0,0,0,0,1,0,0,32940711
0,0,0,1,0,0,0,32215613
0,1,0,0,1,0,0,32544861
0,1,0,0,0,0,1,32526083
0,0,0,1,0,0,1,32586628
1,0,0,0,0,0,0,33024561
0,0,0,1,0,0,1,32344056
0,1,0,0,0,0,1,32923449
0,1,0,0,0,0,1,32876113
0,0,0,0,0,0,1,32663348
0,0,0,0,1,0,0,32587103
0,0,0,0,1,0,0,33042359
0,0,0,0,1,0,0,32834926
0,0,0,0,1,0,0,32362498
0,1,0,0,0,0,0,32729549
0,0,0,0,0,0,1,33048372
0,1,0,0,0,0,0,32335426
0,0,1,0,0,1,0,32053479
1,0,0,0,0,0,0,32204755
0,0,0,0,0,1,0,32330112
0,0,0,0,1,0,0,32653930
0,0,0,0,1,1,0,34252782
0,0,0,0,1,0,0,32191691
0,0,0,0,0,0,1,32321905
0,0,0,1,0,1,0,33885726
0,0,0,1,0,0,1,32718086
0,0,0,0,1,0,0,32874860
0,1,0,0,0,0,1,32918975
0,0,0,1,0,0,1,32454103
0,0,0,0,0,0,1,32393597
0,0,0,0,1,0,0,32875281
0,0,0,0,1,0,0,32377596
0,1,0,0,0,0,0,32674034
0,0,0,1,0,0,1,32948238
0,0,0,0,1,0,0,33052155
0,1,0,0,0,1,1,33480020
0,0,0,1,0,0,1,32933536
0,1,0,0,0,1,1,33312022
0,0,0,0,0,0,1,32880819
0,1,0,0,0,1,1,32336042
0,0,0,0,0,0,1,32837091
0,1,0,0,0,0,0,32840002
0,0,0,1,0,1,0,33649547
0,0,0,0,1,0,0,32781912
0,0,0,0,1,0,0,32389755
0,0,0,0,0,0,1,32632766
0,0,0,0,1,0,0,32781163
0,1,0,0,0,0,1,32343745
0,0,0,0,1,0,0,32304970
0,0,0,0,1,0,0,32532983
0,0,0,0,1,0,0,32860621
0,0,0,0,1,0,0,32904910
0,0,0,1,0,0,1,32531256
0,0,0,0,1,1,0,32152361
0,1,0,0,0,0,0,33024174
0,1,0,0,0,0,0,32588051
0,0,1,0,1,0,0,33402754
0,1,0,1,0,0,1,32901413
0,1,0,0,0,0,1,32978251
0,0,0,1,0,0,1,32549125
0,0,0,0,1,0,0,32278074
0,0,0,1,0,0,1,32854433
0,0,0,0,1,1,0,34173544
0,0,0,0,0,0,1,32839921
0,1,0,0,0,0,0,32750973
0,0,0,1,0,0,1,32850499
0,0,0,0,0,0,1,32322486
0,0,0,0,1,0,0,32676459
0,0,0,0,1,0,0,33006886
0,1,0,0,1,0,1,32870407
0,0,0,0,1,0,0,32836886
0,0,0,1,0,1,0,32022275
0,0,0,1,0,1,1,33900692
0,1,0,0,0,0,0,32474632
0,0,0,0,1,0,0,32809274
0,0,0,0,1,0,0,32444504
0,0,0,1,0,0,1,32721790
1,0,0,0,0,0,0,32921747
0,0,0,1,0,0,1,32731361
0,0,0,0,1,0,0,32936773
0,1,0,0,1,0,0,32733782
0,1,0,0,0,0,0,32543756
0,1,0,0,1,1,0,33142840
1,0,0,0,0,0,0,32889184
0,0,0,0,1,0,0,32582614
0,0,0,0,1,0,0,32360230
0,1,0,1,0,0,0,32087623
0,0,0,0,1,0,0,32845460
0,1,0,1,0,0,1,32958614
0,0,0,1,0,0,0,32518817
0,0,1,0,0,0,0,32404043
0,0,0,0,1,1,0,32574232
0,0,0,0,1,0,0,32639569
0,0,0,0,1,0,0,32591747
0,0,0,0,0,0,1,32425691
1,0,0,0,0,0,0,32352913
0,1,0,0,0,0,0,32388471
0,0,0,0,1,0,0,32778168
0,0,0,0,1,0,0,33006070
1,0,0,0,0,0,0,32911957
0,0,1,0,1,0,0,34035086
0,0,0,0,1,0,0,32993736
0,0,0,0,0,0,1,32860038
0,0,0,0,1,0,0,32538025
0,0,0,1,0,0,1,32545714
0,0,0,0,1,0,0,33020342
0,0,0,0,0,0,1,32515339
1,0,0,0,0,0,0,32632380
0,0,0,0,1,0,0,32679348
0,0,0,0,1,0,0,32333619
0,0,0,0,1,0,0,32769754
0,0,0,1,0,0,0,32622243
0,0,0,0,1,0,0,32525384
0,0,0,1,0,0,1,32443911
0,0,0,0,0,0,1,32657436
0,1,0,0,0,0,0,32958531
0,0,0,1,0,0,1,32743211
0,0,0,0,1,0,0,32500416
0,0,0,1,0,0,0,33069705
0,0,0,0,1,0,0,32287518
1,0,0,0,0,0,0,33068195
0,0,0,0,0,1,0,32238084
0,0,0,1,0,1,0,33971305
0,0,0,1,0,0,0,32199615
0,1,0,0,0,0,0,32451564
0,1,0,0,1,1,0,34258053
0,0,0,1,0,1,0,32154135
0,1,0,1,0,0,1,33061507
0,0,0,0,1,0,0,32470605
0,0,0,0,0,0,1,32856432
1,0,0,0,0,0,0,33072509
0,0,0,0,1,0,0,33053062
0,0,0,0,1,0,0,32860393
0,1,0,0,0,0,0,32631626
0,0,0,1,0,1,0,33325750
0,0,0,0,1,0,0,32419495
0,1,0,0,0,0,1,33062451
0,1,0,0,1,1,0,33262205
0,0,0,0,0,0,1,32804502
0,0,0,1,0,0,1,33035434
0,1,0,1,0,0,1,32678428
0,1,0,0,0,0,1,32471001
0,1,0,0,0,0,1,32880993
0,1,0,0,0,0,0,32692945
0,0,0,0,1,0,0,32798093
0,0,0,0,1,0,0,33829212
0,1,0,0,0,0,0,32568543
0,0,0,0,0,0,1,32161092
0,1,0,0,0,0,1,32963018
0,0,0,0,0,0,1,33003177
0,1,0,0,0,1,0,34185847
1,0,0,0,0,0,0,32398268
0,0,0,0,1,0,0,32536763
1,0,0,0,0,0,0,32790652
0,1,0,0,0,0,1,32561401
0,0,0,0,0,0,1,32730103
0,1,0,0,0,0,1,32353223
0,0,0,0,1,0,0,32610729
0,1,0,0,1,0,1,32311668
0,0,0,0,1,0,0,33063785
0,0,0,0,0,0,1,33045596
0,0,0,1,0,0,1,32734714
0,0,1,0,1,0,0,32304973
0,0,0,0,1,0,1,32723435
0,1,0,0,0,0,0,33025798
0,0,0,1,0,0,1,32438620
1,0,0,0,0,0,0,32958554
0,1,0,0,0,0,1,32919796
0,1,0,0,0,0,1,32754114
0,0,0,0,1,0,0,32464657
1,0,0,0,0,0,0,32111449
0,1,0,0,0,0,0,32546849
0,0,0,0,0,0,1,32691000
0,0,0,0,1,0,0,32391411
0,0,0,0,1,0,0,32353457
0,1,0,0,0,0,1,33069986
0,0,1,0,0,0,0,32183935
0,0,0,0,1,0,0,32705880
0,0,0,0,1,0,0,32965663
0,1,0,1,0,0,0,32505692
0,0,0,1,0,1,0,34075253
0,0,0,0,0,0,1,32794132
0,0,0,1,0,0,0,32181901
0,0,0,0,1,0,0,32817399
0,0,0,1,0,0,1,33007416
0,0,0,1,0,0,1,32673355
0,0,1,0,0,0,0,32355547
0,0,0,0,1,0,1,32727941
0,0,1,0,0,0,0,33747069
0,1,0,0,0,0,1,32871592
0,0,0,0,1,0,0,32781952
0,0,0,0,1,0,0,32538812
0,0,0,1,0,0,0,32035431
0,0,0,0,1,0,0,32329920
0,0,0,0,1,0,0,32618332
0,0,0,0,0,0,1,32634818
0,0,0,0,1,0,0,32876925
0,0,0,0,1,0,0,32879554
0,1,0,0,0,0,1,32412510
0,1,0,1,1,0,1,32823901
0,0,0,0,1,0,0,32316857
0,0,0,0,1,0,0,33058536
0,1,0,0,0,1,0,33599407
0,1,0,0,0,0,0,32970352
0,1,0,0,0,0,1,32873235
0,0,0,1,0,0,1,32799761
0,1,0,0,0,0,1,32970757
0,0,0,0,1,0,0,32525695
0,0,0,0,1,0,0,32333961
0,0,0,0,1,0,0,32592903
0,1,0,0,0,0,0,32894969
0,0,0,1,0,0,1,32472706
0,0,0,0,0,0,1,32674818
1,0,0,0,0,0,0,32714821
0,0,0,0,0,0,1,32336673
0,0,0,1,0,0,1,32930458
0,0,0,0,1,0,0,32639852
0,0,0,1,0,1,0,33567580
0,0,0,0,1,1,0,33617579
0,0,0,0,1,1,0,33101885
0,1,0,0,1,1,0,33870248
0,1,0,0,0,0,0,32441935
0,1,0,0,0,0,1,32354634
0,0,0,0,1,0,0,32815509
0,0,0,0,1,0,0,32531948
0,0,0,1,0,0,1,32463026
0,1,0,1,0,0,1,32935928
0,0,1,0,1,0,0,34400735
0,0,0,0,1,0,0,33002530
1,0,0,0,0,0,0,32639461
0,1,0,0,0,0,1,32932327
0,0,0,0,1,0,0,32392172
0,0,0,0,1,0,0,32405882
0,0,0,0,0,0,1,32446311
0,1,1,0,0,0,0,33757468
0,1,0,0,0,0,0,32349032
0,1,0,1,0,0,0,32727176
0,0,0,0,1,0,0,32602812
0,1,0,0,0,0,1,32863339
0,0,0,1,0,1,0,33175551
1,0,0,0,0,0,0,32636116
0,0,0,1,0,0,1,32225175
0,0,0,0,1,0,0,32921586
0,0,0,0,1,0,0,32914831
0,1,0,0,0,0,0,32984785
0,0,0,0,0,0,1,33050945
0,0,0,0,1,0,0,32382154
0,1,0,0,1,0,0,33047077
0,0,1,0,1,0,0,32970716
0,0,0,0,1,0,0,32991966
0,0,0,0,1,1,0,32624650
0,0,0,0,1,0,0,32914471
0,0,0,0,1,0,0,32501313
0,0,0,0,0,0,1,32687949
0,0,0,0,1,0,0,32290901
0,1,0,1,0,0,0,33070314
0,0,0,1,0,0,1,32636240
0,0,0,1,0,0,1,32717346
0,0,0,0,1,0,0,32507686
0,1,0,1,0,0,0,32579012
0,1,0,0,0,0,1,32730233
0,0,0,0,1,0,0,32828864
0,0,0,0,1,0,1,32970923
0,0,0,0,1,0,0,32840071
0,0,0,0,1,0,0,32931177
0,0,0,0,1,0,0,32314460
0,0,0,0,1,0,1,32722757
0,0,0,0,1,0,0,33048827
0,1,0,0,0,0,1,33023989
0,1,0,0,0,0,0,32738298
0,0,0,0,1,0,0,32587158
0,0,0,0,0,1,0,33402047
0,0,0,0,1,1,0,33722466
0,0,0,0,1,0,0,32472685
0,0,0,0,1,0,0,32431291
0,0,0,0,0,1,0,34069409
0,0,0,0,1,0,0,32914175
0,1,0,0,1,1,0,32496407
0,0,0,0,1,0,0,32571690
0,0,0,0,1,0,0,32911282
0,1,0,0,0,0,1,32965502
0,0,0,0,1,0,0,32766427
0,1,0,0,0,0,0,32853434
0,0,0,0,0,1,0,33552378
0,0,0,0,1,1,0,32893532
0,1,0,0,0,0,1,32876196
0,0,0,1,0,0,1,32597377
0,1,0,0,1,1,0,33637076
0,1,0,0,0,0,1,32366131
0,0,0,0,1,0,0,32452940
0,0,0,0,1,0,0,32596902
0,0,0,0,1,0,0,32335404
0,1,0,0,0,0,1,33044601
0,1,0,0,0,0,1,33060835
0,0,0,0,1,0,0,32374289
0,0,0,0,1,0,0,32352309
0,0,0,0,1,0,0,32670595
0,0,0,1,0,1,0,33020722
0,0,0,1,0,0,0,32742818
0,0,0,0,1,0,0,32340627
0,0,0,0,0,0,1,32350928
0,0,0,0,1,0,1,32709482
0,0,0,0,1,0,0,33064641
0,0,0,1,0,0,1,32985211
0,0,0,0,1,0,0,32237998
0,1,0,0,0,0,0,32681280
0,1,0,0,0,0,1,32653054
1,0,0,0,0,0,0,32835279
0,0,0,0,1,0,0,32485959
0,0,0,1,0,0,1,33023856
0,1,0,0,0,0,1,32680422
0,0,0,0,1,0,0,32829052
0,0,0,0,1,0,0,32995855
0,1,0,0,0,0,1,32805057
0,0,0,1,0,0,1,32651218
0,0,0,0,1,0,0,33034267
0,1,0,0,0,0,1,32847728
0,0,0,1,0,0,1,32981925
0,0,0,0,0,1,0,33043367
0,0,0,0,1,0,0,32303090
0,0,0,0,1,0,0,33023853
0,0,0,1,0,0,0,32833204
0,0,0,0,1,0,0,32583216
0,1,0,0,0,1,0,33557147
0,0,0,0,1,0,0,32371055
0,0,0,0,1,0,0,32962462
0,1,0,0,0,0,1,33042873
0,0,1,0,1,0,0,32982078
0,0,0,0,1,0,0,32925656
0,0,0,0,1,0,0,32604457
0,0,0,0,1,0,0,32654885
0,1,0,0,0,0,0,32679910
0,0,0,1,0,0,1,32358203
0,0,0,0,1,0,0,32888855
0,1,0,0,0,0,0,32479412
0,1,0,0,0,0,0,32979740
0,0,0,0,0,0,1,32675717
0,0,0,0,0,0,1,32087334
0,0,0,1,0,0,1,32707842
0,0,0,0,1,0,0,32198989
0,1,0,0,1,0,0,32723453
0,0,0,0,1,0,0,32587845
0,0,0,0,1,0,0,32848486
0,0,0,0,0,0,1,32312714
0,0,0,0,1,0,0,32861536
1,0,0,0,0,0,0,32595812
0,0,0,0,1,0,0,32538815
0,0,0,0,1,0,0,32515399
0,0,0,0,1,0,0,32289123
0,0,0,0,1,0,0,32538659
0,0,0,1,0,0,1,32781672
0,0,0,0,1,1,0,33531384
0,0,0,1,1,0,1,32811354
0,0,0,1,0,0,1,32511912
0,0,0,0,1,0,0,32834886
1,0,0,0,0,0,0,32307298
0,0,0,0,0,0,1,32590819
0,0,0,0,1,0,0,32845008
0,1,0,0,0,0,1,32629788
0,1,0,0,0,0,0,32434310
0,1,0,0,0,0,0,32444415
0,1,0,0,0,0,0,32882184
0,0,0,0,0,0,1,32328406
0,0,0,0,1,0,0,32420941
0,0,0,0,0,0,1,32945149
0,1,0,0,0,0,0,32532943
0,1,0,0,0,0,1,32912745
0,0,0,0,1,0,0,32240484
0,0,0,0,1,1,0,32678827
0,0,0,0,1,0,0,32912352
0,0,0,0,1,0,0,32876241
1,0,0,0,0,0,0,32324284
0,0,0,0,1,1,0,34405082
0,0,0,0,1,0,0,32278766
0,0,0,0,1,0,0,32369646
0,0,0,1,0,0,1,32228252
0,0,0,0,1,0,0,32482154
0,0,0,0,0,0,1,33071096
0,0,0,0,1,0,1,32688219
0,0,1,0,1,0,0,34150314
0,1,0,0,0,0,1,32736821
0,0,0,1,0,0,1,32314329
0,0,0,1,0,0,1,33052306
0,0,0,0,1,0,0,32241097
0,1,0,0,0,0,1,33070904
0,1,0,0,0,0,0,32960917
1,0,0,0,0,0,0,32791333
0,1,0,0,0,1,1,33512440
1,0,0,0,0,0,0,32940203
0,0,0,0,1,0,0,33078703
1,0,0,0,0,0,0,32395423
1,0,0,0,0,0,0,32566772
0,0,0,0,1,0,0,32613916
0,0,0,1,0,0,1,32626922
0,0,0,0,0,1,0,31986261
0,0,0,0,1,1,0,34041199
0,0,0,0,1,0,0,32834372
0,0,0,0,0,0,1,32785815
0,0,1,0,1,0,0,32834517
0,1,0,0,0,0,0,32333644
0,1,0,0,0,0,0,32537529
0,0,1,0,0,0,0,33318952
0,0,0,0,1,0,0,32495280
0,0,0,0,1,0,0,32513320
0,0,0,0,1,0,0,32469045
0,1,0,0,0,0,1,32886210
0,0,0,0,1,0,0,32501175
0,1,0,0,0,0,1,33043705
0,1,0,0,0,0,0,32755524
0,0,0,0,1,0,0,32481594
0,0,0,0,1,0,0,32772807
0,0,0,0,1,0,0,32227596
0,0,0,0,1,0,0,32989418
0,0,0,0,1,0,0,32435829
0,0,0,1,0,0,1,32413619
1,0,0,0,0,0,0,32714705
0,1,0,0,0,0,1,32634459
0,0,0,0,1,0,0,32464651
0,0,0,0,1,0,0,32862493
0,1,0,0,0,0,1,33057633
0,0,0,0,1,0,0,32856584
0,1,0,0,0,0,0,32283877
0,0,0,0,1,0,0,32687996
0,0,0,0,1,1,0,33705409
0,0,1,0,0,0,0,33758734
0,1,0,0,0,0,1,32347972
0,0,0,0,1,0,0,33027035
0,0,0,0,1,0,0,32493489
0,0,0,0,1,0,0,33001985
0,0,0,0,1,0,0,32959711
0,1,0,0,0,0,1,32726241
0,0,0,0,1,0,0,32711946
0,0,0,0,0,0,1,32377965
0,0,0,1,0,0,1,32387389
1,0,0,0,0,0,0,32724028
0,0,0,0,1,0,0,32330531
0,0,0,0,1,1,0,34041112
0,0,0,0,0,0,1,32442699
0,0,1,0,1,0,0,33023916
0,1,0,0,0,0,0,33067091
0,0,0,0,1,0,0,32301047
0,0,0,1,0,0,1,33072093
0,0,0,0,0,0,1,32837984
1,0,0,0,0,0,0,32790216
1,0,0,0,0,0,0,32589448
0,0,0,0,1,0,0,32435173
0,0,0,1,0,0,1,33065034
0,0,0,0,1,0,0,32433321
0,0,0,0,1,0,0,32523858
0,0,0,1,0,0,1,33063089
0,0,0,0,1,1,0,33536316
0,1,0,0,0,0,1,32779760
0,0,0,0,1,0,0,33053579
0,0,0,1,0,0,1,32347747
0,0,0,0,0,1,0,32145466
0,1,0,0,0,0,1,32763496
0,0,0,0,1,0,0,32924962
0,0,0,1,0,0,1,33041173
0,1,0,0,0,0,0,32908116
0,0,0,0,1,0,0,32936556
0,0,0,0,1,0,0,32325426
0,1,0,0,0,0,1,32504532
0,0,0,0,0,0,1,32320740
0,0,0,0,1,0,0,32739148
0,0,0,0,1,0,0,32623036
0,0,0,0,1,0,0,32490842
0,0,0,1,1,1,0,32133830
0,0,0,0,1,0,0,32633819
0,0,0,0,1,0,0,33015145
0,0,0,0,1,0,0,32271461
0,0,0,0,1,0,0,32300823
0,0,0,0,1,0,0,32988953
0,0,0,1,0,0,1,32765942
0,1,0,0,0,0,1,32726005
0,0,0,0,1,0,0,33015604
0,1,0,0,1,0,1,32748568
0,0,0,0,0,0,1,33043164
0,0,0,0,1,0,0,32286675
0,1,0,0,0,0,1,32489711
0,0,0,0,1,0,0,32740069
0,1,0,0,0,1,1,33717728
0,0,0,0,1,0,0,32343222
0,1,0,0,0,0,1,33046303
0,0,0,1,0,0,1,32320478
0,0,0,1,0,0,1,32425224
0,0,0,0,1,0,0,32513346
0,0,0,0,1,0,0,32807471
0,0,0,0,1,0,0,33059232
0,1,0,0,0,1,0,33610456
0,0,1,0,1,0,0,32863616
0,0,0,1,0,1,0,32199943
0,0,0,0,1,0,0,33024371
0,0,0,0,1,0,0,32719036
0,0,0,0,1,0,0,32502107
0,1,0,0,0,0,0,32936770
0,1,0,0,0,0,0,32683438
0,0,0,1,0,0,0,32463395
0,0,0,0,1,0,0,32552397
1,0,0,0,0,0,0,32981926
1,0,0,0,0,0,0,32741970
0,0,0,0,0,0,1,32219428
0,0,0,0,1,1,0,33894607
0,0,0,0,0,0,1,32432466
0,1,0,0,0,1,1,32339382
0,1,0,0,0,0,1,32935644
0,1,0,0,1,0,0,32903802
0,0,0,0,1,0,0,32765846
0,0,0,0,1,0,0,33011971
0,1,0,0,0,1,0,32568661
0,0,0,0,1,0,0,32732316
0,1,0,0,0,0,1,32746940
0,1,0,1,0,1,1,33591607
0,0,0,0,1,0,0,32516421
1,0,0,0,0,0,0,32342677
0,1,0,0,0,0,0,32844955
0,1,0,0,0,0,0,32409440
0,0,0,0,1,0,0,32739265
0,0,0,0,1,0,0,32755746
0,0,1,0,0,0,0,32599867
0,0,0,0,1,0,1,32500409
0,0,0,0,1,0,0,32573838
0,0,0,0,1,0,1,32838244
0,1,0,0,0,0,0,32407808
0,0,0,0,1,1,0,32243599
0,0,0,0,1,0,0,32482123
1,0,0,0,0,0,0,32614464
0,0,0,1,0,0,1,32466289
0,0,0,0,1,0,0,32654437
0,0,1,0,1,0,0,32834815
0,1,0,1,0,0,1,32709055
0,0,0,0,1,0,0,32941709
0,1,0,0,0,0,1,32434337
0,0,0,0,1,0,0,33027056
0,0,0,1,0,1,0,32402329
0,1,0,0,0,0,1,32386018
0,1,0,0,0,0,1,32892628
0,0,0,1,0,1,0,34168071
0,0,0,0,1,0,0,32518768
0,0,0,0,1,0,0,32498735
1,0,0,0,0,0,0,33060519
0,0,0,1,0,0,1,32451923
0,1,0,0,0,0,0,32385976
0,0,0,0,0,0,1,32664161
0,0,0,0,1,0,0,33006938
0,1,0,0,0,0,0,32405603
0,1,0,0,0,0,1,32504637
0,0,0,0,1,1,0,32472679
0,0,0,1,0,0,0,32506725
0,0,0,1,0,0,1,32525813
0,0,0,0,1,0,0,32407727
0,0,0,0,1,0,0,32587153
0,0,1,0,0,0,0,32839642
0,1,0,0,0,0,0,32419639
0,0,0,0,1,1,0,33868924
0,0,0,1,0,0,1,32745925
0,0,0,0,1,0,0,32984015
0,0,0,1,0,1,0,33635912
0,0,0,0,1,0,0,32437377
0,0,0,0,1,0,0,32896604
0,0,0,0,1,0,0,32414013
0,0,0,0,0,0,1,32603180
0,1,0,0,0,0,1,33038556
0,0,0,0,1,0,0,32860499
0,0,0,0,1,0,0,32699423
0,1,0,0,0,0,0,32905568
0,0,0,0,1,0,1,32891785
0,0,0,0,1,0,0,32492778
0,0,0,0,1,0,0,32958987
0,0,1,0,0,0,0,32811577
0,0,0,0,0,0,1,32563969
0,1,0,1,0,0,1,32670618
0,0,0,1,0,0,1,32890967
0,1,0,0,0,0,1,32776309
0,0,0,0,1,0,0,32627444
0,0,0,0,0,0,1,32807723
0,0,0,0,1,0,0,32556161
1,0,0,0,0,0,0,32733733
0,0,0,0,1,0,0,32726245
0,0,0,1,0,1,0,33952657
0,1,0,0,0,0,0,32443442
0,0,0,0,1,0,0,32498131
0,0,0,1,0,0,1,32669297
0,0,0,0,1,0,0,32881081
0,0,0,0,1,0,0,32447950
0,0,0,0,1,0,0,32762270
0,0,0,1,0,0,0,32499358
0,0,0,0,1,0,0,32837076
0,0,0,0,1,0,0,32977538
0,0,0,1,0,0,1,32786452
0,0,0,0,1,0,0,33006946
0,1,0,0,0,0,0,32767788
0,0,0,0,1,1,0,33764961
0,1,0,0,0,0,0,32422426
0,0,0,0,0,0,1,32446312
0,0,0,0,1,0,0,32836873
0,0,0,0,1,0,0,32953633
0,1,0,0,0,0,1,32673191
0,0,0,0,1,0,0,32861460
0,1,0,0,0,0,1,32748333
0,0,0,1,0,0,1,32462316
0,0,0,0,1,0,0,32770544
0,0,0,0,1,0,0,32838287
0,0,0,0,1,0,0,32858757
0,0,0,0,1,0,0,32770466
0,0,0,0,1,0,0,32868204
0,1,0,0,0,0,0,32311437
0,0,0,1,0,0,1,32849623
0,0,0,0,0,0,1,32771272
0,1,0,0,0,0,0,32581183
0,0,0,0,1,0,0,32355658
0,1,0,0,0,0,1,33041077
0,0,0,0,0,0,1,32469464
0,1,0,1,0,0,1,32690910
0,0,1,0,0,0,0,33605383
0,0,0,0,1,1,0,34033834
0,0,0,1,0,0,1,32923657
0,0,0,0,1,0,0,32926795
0,0,0,0,0,1,0,34404778
0,1,0,0,0,0,0,32406420
0,0,0,0,1,1,0,34066356
0,1,0,0,1,0,1,32532753
0,0,0,0,1,0,0,32980998
0,0,0,0,1,1,0,34158411
0,0,0,0,1,0,1,32578825
0,1,0,0,0,0,1,32838194
0,0,0,0,1,0,0,32502318
0,0,0,0,1,0,0,32428112
0,1,0,0,0,0,0,32917294
0,0,0,1,1,1,0,33512572
0,0,1,0,1,0,0,33520623
0,1,0,0,0,0,1,32931634
0,0,0,0,0,0,1,32965455
0,1,0,0,0,0,1,32816244
0,0,1,0,1,0,0,33120533
0,0,0,0,1,0,0,32413909
0,1,0,0,0,0,0,32708870
0,0,0,0,1,0,0,32837702
0,0,1,0,1,1,0,32365045
0,1,0,0,0,0,0,33060046
0,1,0,0,0,0,0,32243238
0,0,0,0,1,0,0,33028465
0,1,0,0,0,0,1,32354360
0,0,0,0,1,0,0,32733839
0,0,0,0,1,0,0,33008651
1,0,0,0,0,0,0,33034578
0,0,0,1,0,0,1,32256705
0,0,0,0,1,0,0,32283282
0,0,0,1,0,0,1,32931783
0,0,0,0,1,0,0,32854728
0,0,0,0,1,0,0,32712031
0,0,0,0,1,0,0,32487272
0,0,0,0,1,0,0,33039258
0,0,0,0,1,0,0,32913057
0,1,0,1,0,0,0,32905851
0,0,0,0,1,0,0,32790709
0,1,0,0,0,0,0,32723996
0,0,0,0,0,0,1,32771032
0,0,0,0,1,0,0,32551773
0,0,0,1,0,0,1,32708319
0,0,0,0,1,0,0,32594627
0,0,0,0,1,0,0,32391444
0,1,0,0,0,0,1,32634550
0,0,0,0,1,0,0,32744940
0,0,0,0,1,0,0,32196655
0,0,0,0,1,0,0,32967312
0,0,1,0,1,0,0,32360907
0,1,0,0,0,0,0,32301745
0,0,0,0,0,0,1,32535894
0,0,0,0,0,0,1,32336586
0,0,0,1,0,1,1,33737851
0,1,0,0,0,0,0,32945156
0,0,0,0,1,0,0,33052812
0,0,0,0,1,1,0,33581746
0,0,0,0,1,0,0,32520293
1,0,0,0,0,0,0,33039244
0,1,0,0,0,0,0,32396550
0,0,0,1,0,0,1,33031368
0,0,0,0,1,1,0,32437338
1,0,0,0,0,0,0,32983590
0,0,0,1,0,0,1,32742564
0,1,0,0,0,0,1,32897668
0,0,0,0,1,0,0,32775790
1,0,0,0,0,0,0,32691004
0,0,0,0,1,0,1,32677498
0,0,0,0,1,0,0,32530813
0,0,0,0,1,1,0,32646870
0,0,0,0,1,0,0,32915899
0,0,0,0,1,0,0,32877768
0,0,0,0,1,0,0,32843150
0,0,0,0,1,0,0,33050755
0,0,0,0,1,0,0,32615695
0,1,0,0,0,0,0,32980807
0,1,0,0,0,0,0,33015823
0,0,0,0,0,1,0,34192220
0,1,0,0,0,1,0,32265517
0,1,0,0,0,0,1,33043231
0,0,0,0,1,0,0,32795090
0,0,0,0,1,0,0,32535088
0,0,0,0,1,0,0,32574304
0,1,0,0,0,0,1,32914200
0,0,0,0,1,0,0,32834485
0,1,0,0,0,0,1,33042536
0,0,0,0,1,0,0,32516795
0,1,0,0,0,0,0,32970840
0,0,0,0,1,0,0,32501304
0,0,0,0,1,0,0,32858678
0,0,0,1,0,0,0,33001029
0,0,0,1,0,0,1,32717794
0,0,0,0,1,0,0,32380475
0,1,0,0,0,0,0,32565152
0,0,0,1,0,0,1,32562705
0,0,0,0,1,1,0,34337354
0,0,0,0,1,0,0,32348049
1,0,0,0,0,0,0,33003102
0,0,0,0,0,0,1,32952464
0,0,0,0,1,1,0,33024427
1,0,0,0,0,0,0,32471783
0,1,0,0,0,0,0,32222122
0,0,0,0,1,0,0,33047816
0,0,0,0,1,0,0,32825092
0,1,0,0,0,0,1,32367170
0,0,0,0,1,1,0,34149275
0,0,0,0,1,1,0,34178221
0,0,0,0,0,0,1,32837565
0,0,1,0,1,0,0,32978440
0,1,0,0,0,0,1,32564974
0,0,0,0,0,0,1,32372026
0,0,0,0,1,0,0,32458182
0,1,0,0,0,0,1,33048028
0,0,0,0,1,0,0,33054313
0,0,0,0,1,1,0,33495673
0,0,0,0,1,0,0,32720298
0,0,0,1,0,0,1,32705411
0,1,0,0,0,0,0,33046116
0,0,0,1,0,0,1,32501190
0,1,0,1,0,1,1,33294034
0,1,0,0,0,0,0,32795959
0,0,0,0,1,0,0,32557562
0,0,0,0,0,0,1,32696008
0,0,0,0,0,0,1,32527346
0,0,0,0,1,0,0,32873987
0,0,0,1,0,0,1,32651741
0,0,1,0,0,0,0,32469853
0,0,0,0,0,0,1,32526079
0,0,0,0,0,0,1,32578156
0,0,0,0,0,1,0,34393416
0,1,0,0,0,0,0,32405270
0,1,0,0,0,0,0,32613877
0,0,0,0,1,1,0,33084885
1,0,0,0,0,0,0,32865189
0,0,0,0,1,0,0,32754298
0,0,0,0,0,1,0,32472745
0,0,0,0,1,0,0,32635290
0,1,0,0,0,0,0,32379077
0,1,0,0,0,0,1,33074039
0,0,0,0,1,0,0,32490913
0,0,0,0,1,0,0,32446595
0,1,0,0,0,0,1,32960186
0,0,0,0,1,0,0,32804669
0,1,0,0,1,1,0,33381929
0,1,0,1,0,0,1,32721813
0,1,0,0,0,0,1,32678882
0,1,0,0,0,0,0,33033574
1,0,0,0,0,0,0,32665942
0,0,0,1,0,0,0,32784802
0,1,0,0,0,0,0,32389850
0,0,0,0,1,0,0,32275261
1,0,0,0,0,0,0,32879836
0,0,0,0,1,0,0,33054562
0,1,0,0,0,0,0,32838207
0,1,0,0,0,1,1,34075529
0,0,0,1,0,0,1,32892615
0,0,0,0,1,0,0,32501753
0,0,0,0,1,0,0,33078496
0,0,0,1,0,0,1,32791137
0,0,0,0,1,0,0,32214079
0,0,0,0,1,1,0,33842691
0,0,0,0,1,0,0,33051285
0,1,0,0,1,1,1,32425996
0,0,0,1,0,0,1,32410502
0,0,0,0,1,0,0,32505658
0,0,1,0,0,0,0,33224735
1,0,0,0,0,0,0,32932331
1,0,0,0,0,0,0,33046686
1,0,0,0,0,0,0,32775188
0,0,0,0,1,0,0,32428072
0,0,0,0,1,0,0,32994791
0,0,1,0,0,0,0,33362986
0,1,0,1,0,0,0,32196678
0,0,1,0,1,0,0,32513393
0,1,0,0,0,0,1,32922189
0,0,0,0,1,0,0,33062732
0,1,0,0,0,0,0,32515387
0,0,0,0,1,0,0,32674215
0,0,0,0,0,0,1,33049711
0,1,0,0,0,0,1,32944565
0,0,1,0,0,0,0,33301457
0,1,0,0,0,0,0,32360111
0,0,0,1,0,0,1,32820005
1,0,0,0,0,0,0,32480009
0,0,0,0,1,0,0,32755454
0,0,0,0,1,0,0,32839639
0,0,0,0,1,0,0,32941417
0,0,0,0,1,0,0,32806570
0,1,0,0,0,0,1,32684101
0,0,0,0,0,0,1,32936252
0,1,0,0,0,0,1,32855361
1,0,0,0,0,0,0,32879814
0,0,0,1,0,0,1,32452762
0,1,0,0,0,0,1,32861276
0,0,0,0,1,0,0,32978513
0,0,0,0,1,0,0,32852334
0,0,0,1,0,0,1,32739645
0,1,0,1,0,0,1,32861838
0,0,0,1,1,1,0,32471856
0,0,0,0,1,0,0,32683966
1,0,0,0,0,0,0,32542125
0,0,0,0,1,0,0,32405111
0,1,0,0,0,0,0,32556553
0,0,0,0,1,1,0,33650201
0,0,0,0,1,0,0,32963790
0,1,0,0,0,0,0,32574326
1,0,0,0,0,0,0,32878840
0,1,0,0,0,0,0,33047143
0,0,0,0,1,0,1,32305181
0,0,0,1,0,0,1,32964796
0,0,0,0,1,1,0,32877395
0,1,0,0,0,0,1,32352637
0,0,0,0,1,0,0,32469633
0,1,0,0,0,0,0,32495914
0,0,0,0,1,0,1,32897543
0,1,0,0,0,0,0,33062217
0,0,0,0,1,1,0,33822232
0,0,0,0,1,0,0,33033045
0,0,0,0,1,0,0,32804923
1,0,0,0,0,0,0,32363226
0,0,0,1,0,0,1,32776617
0,0,0,0,1,0,0,32969951
0,0,0,0,1,0,0,32869251
0,1,0,0,0,0,0,32840917
0,0,0,0,1,0,0,32585464
0,0,0,0,1,0,0,32638559
0,0,0,0,1,1,1,33890990
0,0,0,0,0,0,1,32837460
0,0,0,0,1,0,0,32792708
0,1,0,0,1,0,0,32208481
0,1,0,1,1,0,0,32777726
0,1,0,0,0,0,1,32527868
0,0,0,0,1,0,0,32240751
0,0,0,0,1,0,0,32704484
0,1,0,0,0,0,0,32975884
0,0,0,1,0,0,1,32595352
0,0,0,0,1,0,0,32834393
0,0,0,0,1,0,0,32965661
0,0,0,0,1,0,0,32425428
0,0,0,0,1,0,0,32735339
0,0,0,0,1,0,0,32448876
0,0,0,0,1,0,0,32949452
0,1,0,0,1,0,0,32376309
0,0,0,0,1,1,0,32393111
0,0,0,0,0,0,1,33064991
0,0,0,0,1,0,0,33045723
0,1,0,0,0,0,1,32495918
0,0,0,0,1,0,0,32312892
0,1,0,0,0,0,0,32960880
0,0,0,0,0,0,1,32971210
1,0,0,0,0,0,0,32963155
0,1,0,0,1,0,0,32875494
0,0,0,0,1,0,0,32628416
0,0,0,0,1,0,0,32501754
0,0,0,0,1,0,0,32761374
0,1,0,0,0,0,0,32776614
1,0,0,0,0,0,0,32701934
0,0,0,0,0,0,1,32963923
0,0,0,0,1,0,0,32710996
0,0,0,0,1,0,0,33073061
0,0,0,0,1,0,0,32995668
0,0,0,1,0,0,1,32893632
0,1,0,0,0,0,1,33040384
0,0,0,0,1,0,0,32403894
0,0,0,0,1,0,0,32977826
0,1,0,0,0,0,1,32399563
0,0,0,0,0,0,1,32372695
0,1,0,0,0,0,0,32845280
0,0,0,0,1,0,0,32970654
0,1,0,0,0,1,0,32886737
0,1,0,0,1,0,0,32746953
0,0,0,0,1,0,0,32621284
0,0,1,0,0,0,0,33771934
1,0,0,0,0,0,0,32962655
0,0,0,1,0,0,0,32484220
0,0,0,1,0,0,1,32323279
0,0,0,0,0,1,0,32367793
0,0,0,0,1,0,0,32727547
0,0,1,0,0,0,0,34271752
0,0,0,0,0,0,1,32996727
0,0,0,0,1,0,0,32361428
0,0,0,0,1,0,0,32434615
0,0,0,0,1,0,1,32695319
0,0,0,0,0,0,1,32958428
1,0,0,0,0,0,0,32233973
0,0,0,0,1,0,0,32748176
0,0,0,1,0,0,1,32972338
0,0,0,0,1,0,0,33075406
0,1,0,0,0,0,1,32306657
0,1,0,0,0,0,0,32926439
0,0,0,0,1,0,0,32988371
0,0,0,0,1,0,0,32683188
0,0,1,0,1,0,0,32752627
0,0,0,1,0,0,1,33030102
0,0,0,0,1,1,0,32709462
0,0,0,0,0,1,0,34240259
0,1,0,1,0,0,0,32986016
0,1,0,0,0,0,1,32851851
0,0,0,0,1,0,0,32801972
0,0,0,0,0,0,1,32984847
0,0,0,1,0,0,1,32571797
0,1,0,0,0,0,1,32721533
0,0,0,0,1,0,0,33054267
0,0,0,0,0,0,1,32623082
0,1,0,0,0,0,1,32108460
0,0,0,1,1,0,1,32753148
0,0,0,0,1,0,0,32748476
0,1,0,0,0,0,1,33025310
0,0,0,1,0,0,1,32921830
0,1,0,0,0,0,1,32796159
0,0,0,0,1,0,0,32243677
0,1,0,0,0,0,0,32124995
0,0,0,1,0,0,0,33058970
0,0,0,0,1,0,0,32447059
0,0,0,0,1,0,0,32538816
0,0,0,0,1,0,0,32635605
0,0,1,0,1,0,0,32834577
0,1,0,1,0,0,1,32735721
0,0,0,0,1,1,0,33214148
0,0,0,0,1,0,0,32618220
0,0,0,0,0,0,1,32953091
0,0,0,0,0,0,1,32514228
0,0,0,1,0,0,1,32399213
0,0,0,0,0,0,1,32827627
0,0,0,0,1,0,0,32369026
0,0,0,0,1,0,0,32319131
0,1,0,0,0,0,1,32672860
0,0,0,0,1,0,0,32859298
0,0,0,0,1,0,0,32515231
0,1,0,0,0,0,0,33036570
0,0,1,0,1,0,0,32987515
1,0,0,0,0,0,0,32907873
1,0,0,0,0,0,0,32761491
1,0,0,0,0,0,0,32371823
0,0,0,0,0,1,0,33046960
0,0,0,1,0,0,1,32160149
0,0,0,1,0,0,1,32972339
0,0,0,1,0,0,1,32792288
0,0,0,1,0,0,1,32506195
0,1,0,1,1,0,1,32706088
0,0,0,1,0,0,1,32518941
0,0,0,1,1,0,1,32916821
0,0,0,0,1,0,0,32837852
0,0,0,0,0,0,1,32976118
0,0,0,0,1,0,0,32905783
0,0,0,0,0,0,1,32742816
0,0,0,1,0,0,1,32813065
0,0,0,0,1,0,0,32974834
0,1,0,0,1,0,0,32566566
0,1,0,0,0,0,0,32432217
0,0,0,0,1,0,0,33047042
0,0,0,0,1,0,0,33008462
0,0,0,0,1,0,0,32560716
0,0,0,0,0,0,1,32978312
0,0,0,1,0,0,0,32835122
0,0,0,0,0,0,1,33068425
0,0,0,0,1,1,0,33385384
0,0,0,0,1,0,0,32978927
0,0,0,0,1,0,0,32533664
0,0,0,0,1,0,0,32834519
0,1,0,0,0,0,0,32520406
0,1,0,0,1,1,0,34184637
0,0,0,0,1,0,0,32651328
0,1,0,0,0,0,0,33067888
0,1,0,0,0,0,0,33044173
0,0,0,0,1,0,0,32475841
0,0,0,0,1,0,0,32994752
1,0,0,0,0,0,0,32960013
0,0,0,0,1,0,0,32921703
0,0,0,0,1,0,0,32809968
0,0,0,0,1,0,0,32745693
0,0,0,0,0,0,1,33039418
0,0,0,0,1,0,0,32582578
0,0,0,1,0,0,1,33025029
0,0,0,0,1,0,0,32434707
0,0,0,0,1,0,0,32278727
0,0,0,1,0,0,0,32415481
0,0,0,0,0,0,1,32570995
0,0,0,0,1,0,0,32363596
0,0,0,1,0,1,0,32244041
0,1,0,0,0,0,0,33075138
0,0,0,0,1,0,0,32819483
1,0,0,0,0,0,0,32723448
0,1,0,0,1,0,0,32553772
0,0,0,0,1,0,0,32839197
1,0,0,0,0,0,0,32787379
0,0,0,0,1,0,0,32839698
0,0,1,0,1,0,0,32948617
0,1,0,0,0,0,1,32992176
0,0,0,0,1,0,0,32644871
0,0,0,0,1,1,0,33748563
0,0,0,0,1,0,0,32432169
0,0,1,0,1,0,0,33162665
0,0,0,0,1,0,0,32303798
0,0,1,0,1,0,0,32288416
0,1,0,1,0,0,1,32687681
1,0,0,0,0,0,0,32743901
0,0,0,0,1,0,0,32808489
0,0,0,0,1,1,0,33565274
0,1,0,0,0,0,0,32627534
0,0,0,0,1,0,0,32840120
0,1,0,0,0,0,1,33041130
0,0,0,0,1,0,0,32790655
0,0,0,1,0,0,1,32911691
0,0,0,0,1,0,0,32921719
0,0,1,0,1,1,0,32674112
0,0,0,0,1,0,0,32370141
0,0,0,0,1,0,0,32993603
0,1,0,0,1,0,1,33078903
0,0,1,0,0,0,0,32995681
0,0,0,0,1,0,0,32662334
0,0,0,0,0,0,1,32299753
0,0,0,0,1,0,0,32600649
0,0,1,0,1,0,0,32497623
0,0,0,0,1,0,0,32432568
0,1,0,0,0,0,0,32851078
0,0,0,0,1,0,0,32968307
0,0,0,0,1,0,0,32675738
0,0,0,0,1,0,0,32735062
0,0,0,1,0,0,0,32149036
0,0,0,1,0,0,1,33037393
0,0,0,0,0,0,1,32957323
0,0,0,0,1,0,0,32525369
1,0,0,0,0,0,0,32965458
0,0,0,0,0,0,1,32484930
0,0,0,0,0,0,1,32778354
0,0,0,0,1,0,0,32835085
0,0,0,0,1,0,0,32690752
0,0,0,0,1,0,0,32792325
0,1,0,0,0,0,0,32860074
0,0,0,0,1,0,0,32334392
0,0,0,0,1,0,0,32178954
0,0,1,0,1,0,0,33052872
0,0,0,0,1,0,0,32287038
0,0,0,1,0,0,1,32454510
0,1,0,0,0,0,0,32610036
0,0,0,1,0,0,1,33057358
0,0,1,0,1,0,0,32469855
0,1,0,0,0,0,0,32909090
0,0,0,0,1,1,0,33293665
0,0,0,0,1,0,0,32540791
0,0,0,0,1,0,0,32988442
0,0,0,0,1,0,0,32259123
0,0,0,1,0,1,1,33992693
0,0,0,1,0,1,0,34089757
0,0,0,1,0,0,1,32629995
0,0,0,0,1,0,0,32801886
0,0,1,0,0,0,0,33384444
0,0,0,0,1,0,0,32877420
0,0,0,0,1,0,0,32342565
0,0,0,0,1,0,0,33043274
0,0,0,0,1,0,0,32938697
0,0,0,1,0,0,1,32926254
0,0,0,1,0,0,1,32777300
0,1,0,0,0,0,0,32791493
0,0,0,0,1,0,0,32421479
0,0,1,0,1,0,0,33898652
0,1,0,1,0,0,0,32948855
0,1,0,0,0,0,0,32863810
0,0,0,1,0,0,1,33033344
0,0,0,0,0,0,1,32280058
0,0,0,0,1,0,0,33023342
0,0,0,0,1,0,0,32341311
1,0,0,0,0,0,0,32850218
0,1,0,0,0,0,0,32894449
0,0,0,0,0,0,1,32622723
0,0,0,0,1,0,0,32925589
0,0,0,0,1,0,0,32507697
0,1,0,0,0,0,0,32870469
0,0,0,1,0,0,1,33070542
0,0,1,0,1,0,0,34121965
0,1,0,0,0,0,0,32296824
0,0,0,0,1,0,0,32473197
0,0,1,0,0,0,0,32730217
0,0,1,0,0,0,0,32741161
0,1,0,0,0,0,1,32577426
0,0,0,1,0,0,0,32582936
0,1,0,0,0,1,1,33150978
0,1,0,0,0,0,1,32571616
0,0,0,0,1,0,0,32656087
1,0,0,0,0,0,0,32694244
0,1,0,0,1,1,0,32276848
0,0,0,0,1,0,0,32294813
1,0,0,0,0,0,0,32494800
0,0,0,0,1,0,0,32418194
0,0,0,1,0,0,1,32721814
0,1,0,1,0,0,0,32163661
0,0,0,0,1,0,0,32671974
0,1,0,0,0,0,0,33013745
0,0,0,0,1,1,0,32705983
0,1,0,0,0,0,0,32847818
0,0,0,0,1,0,0,33075052
0,0,0,0,1,0,0,32452819
0,1,0,1,0,1,1,33521383
0,1,0,1,0,0,1,32498686
0,1,0,0,0,0,0,32286245
0,0,0,0,1,0,0,32796085
0,1,0,0,0,0,0,32227091
0,0,0,1,0,0,1,33064690
0,1,0,0,1,0,0,33079693
1,0,0,0,0,0,0,33047084
0,0,0,1,0,0,1,32738988
1,0,0,0,0,0,0,32578289
0,0,0,0,1,0,0,32936428
0,0,0,0,1,0,0,32804456
0,0,0,0,1,0,0,32565968
0,0,0,0,1,1,0,33211026
0,0,0,0,1,0,0,32650189
0,0,0,0,0,0,1,32460458
0,1,0,0,0,0,0,32292899
0,0,0,0,1,0,0,32165283
0,1,0,0,1,0,0,32674696
0,1,0,0,1,0,0,32798097
0,0,0,0,1,0,0,32525747
0,0,0,0,1,0,1,32344439
0,0,0,0,1,0,0,32292257
0,0,0,0,1,0,0,32390655
0,0,0,0,1,0,0,32468890
0,1,0,0,0,0,0,32418377
0,0,0,0,1,0,0,32738812
0,1,0,0,0,0,1,32837582
0,0,0,0,1,0,0,32782765
0,0,0,0,1,0,0,32897216
0,0,0,0,0,0,1,32358833
0,1,0,0,0,0,0,32352308
0,0,0,0,1,0,0,32379858
0,0,0,0,0,0,1,32330287
0,0,0,0,1,1,0,34274909
0,0,0,1,0,0,1,32747012
0,1,0,0,0,0,0,32939620
0,0,0,0,1,0,0,32584977
0,0,0,0,1,0,0,32294763
0,1,0,0,0,0,0,32777813
0,0,0,0,1,0,0,32382220
0,1,0,0,0,0,0,32610564
0,1,0,0,0,0,1,32910409
0,1,0,0,0,0,0,32700672
0,1,0,0,0,1,1,34042963
0,0,0,1,0,0,1,32814446
0,0,0,1,0,0,0,33049937
0,0,0,0,1,0,0,32596829
0,0,0,0,1,0,0,32675668
0,0,0,0,1,1,0,33732749
0,0,0,0,1,0,0,32882035
1,0,0,0,0,0,0,32433364
1,0,0,0,0,0,0,32744713
0,1,0,0,0,0,1,32467443
0,0,0,1,0,0,1,32741372
0,0,0,1,0,0,1,32665542
0,0,0,0,0,0,1,32513299
0,0,0,0,1,0,1,32356569
0,0,0,0,1,0,0,32908644
0,0,0,0,0,0,1,32314249
0,0,0,0,1,0,0,32457134
0,0,0,0,1,0,0,32904431
0,0,0,1,0,0,1,32423250
0,0,0,0,1,1,0,34253558
0,0,0,0,1,0,0,33006664
1,0,0,0,0,0,0,32547838
0,1,0,0,0,0,1,32944087
0,0,0,0,1,0,0,32710198
0,0,1,0,0,0,0,33520616
0,0,0,0,1,0,0,32336802
0,0,0,0,1,0,0,32582326
0,0,0,0,1,0,0,32903223
0,0,0,0,1,0,0,33060261
0,0,0,0,0,0,1,32785710
1,0,0,0,0,0,0,32893248
1,0,0,0,0,0,0,32423911
0,0,0,0,1,0,0,32660335
1,0,0,0,0,0,0,32675154
1,0,0,0,0,0,0,32690307
0,0,0,1,0,0,1,32415260
0,0,0,0,1,0,0,32360960
0,0,0,1,0,0,1,32839634
0,0,0,1,0,0,1,32938313
0,0,1,0,1,0,0,32707029
0,0,0,1,0,0,1,32366025
0,0,0,1,0,0,1,33017909
0,1,0,1,0,0,0,33033172
0,0,0,1,0,0,1,32433344
0,1,0,0,0,0,0,32723432
0,0,0,0,1,0,0,32421686
0,0,1,0,1,0,0,32628673
0,0,0,1,0,0,1,32897177
0,0,0,0,1,0,0,32295460
0,0,0,0,0,0,1,33013911
0,1,0,0,1,0,0,33035672
0,0,0,1,0,0,1,32807895
0,0,0,0,0,0,1,32599178
0,0,0,0,1,0,0,32768695
0,0,0,0,0,0,1,33072814
1,0,0,0,0,0,0,32272630
0,0,0,0,1,0,0,32301300
0,0,0,0,0,0,1,33012890
0,0,0,0,1,0,0,32730771
0,0,0,0,1,0,0,32834932
1,0,0,0,0,0,0,32900754
0,1,0,0,0,0,0,33028754
0,0,0,0,1,0,0,32279934
0,1,0,0,0,0,0,33053494
0,0,0,0,1,0,0,32389845
0,1,0,0,0,0,1,32555949
0,1,0,0,0,0,0,32515381
0,1,0,0,0,0,1,32758659
0,0,0,1,0,1,0,33082405
0,0,0,0,1,0,0,32905053
0,0,0,0,1,0,0,32298006
0,1,0,0,1,1,0,33026286
0,0,0,0,1,1,0,34254048
0,0,0,0,1,0,0,33028673
0,0,1,0,0,0,0,32390691
0,0,0,0,1,0,0,32542111
0,1,0,0,0,0,1,32452888
0,0,0,0,0,0,1,32714083
0,1,0,1,0,0,1,33073359
0,0,0,0,1,0,0,32834763
0,0,0,0,1,0,0,32838002
0,1,0,0,0,0,1,32753136
0,0,0,0,0,0,1,32899785
0,0,0,0,1,0,0,32340091
0,0,0,0,1,0,0,32271600
0,1,0,0,0,0,0,32874430
0,0,0,1,0,0,1,33015938
0,0,1,0,0,0,0,32437929
0,0,0,0,1,0,0,32425658
0,0,0,0,1,0,0,32461867
1,0,0,0,0,0,0,33063036
0,0,0,0,1,0,0,32954600
0,0,0,0,1,0,0,32514431
1,0,0,0,0,0,0,32844243
0,0,0,1,0,0,1,32697835
0,1,0,0,0,0,0,32534344
0,0,0,0,1,0,0,32862216
0,0,0,0,1,0,0,32622482
0,0,0,0,1,0,0,32503959
0,0,1,0,0,0,0,32984242
0,0,0,1,0,0,1,32464491
0,1,0,0,0,0,0,32927798
0,0,0,0,1,1,0,33295073
0,0,1,0,1,0,0,32835199
0,0,0,0,1,0,0,32634823
0,0,0,0,1,0,0,32651280
0,0,0,0,1,0,0,32304371
0,0,0,0,1,0,0,32497808
0,0,0,0,0,0,1,32805623
0,0,0,1,0,0,1,32758869
0,0,0,1,0,0,1,32471272
0,0,0,0,1,0,0,32549072
1,0,0,0,0,0,0,32950981
0,0,0,1,0,0,1,32538276
0,0,0,0,1,1,0,32296168
0,0,0,0,0,0,1,32943897
0,0,0,1,0,0,0,33060796
0,0,0,1,0,0,1,32221983
0,0,0,1,0,0,1,32983399
0,0,0,0,1,0,0,32984046
0,0,0,1,0,0,1,33073064
0,1,0,0,1,0,0,32941325
0,0,0,1,0,1,0,33961545
0,1,0,1,0,1,0,33249335
0,0,0,0,1,0,0,32634849
0,0,0,0,0,0,1,32744563
0,1,0,0,1,0,1,33014150
0,0,0,0,1,0,0,32816921
1,0,0,0,0,0,0,32641525
0,0,0,0,1,0,0,32638911
0,0,0,0,1,0,0,32954400
0,0,0,0,0,0,1,32955610
0,0,1,0,1,1,0,32626719
1,0,0,0,0,0,0,32664761
0,0,0,0,1,0,0,32324358
1,0,0,0,0,0,0,32440857
0,0,0,0,1,0,0,32778478
0,0,1,0,1,0,0,33486527
0,0,0,1,0,0,1,33013413
0,0,0,1,0,0,1,32748124
0,0,0,0,1,0,0,32931873
0,0,0,0,1,0,0,32754394
0,0,1,0,0,0,0,33519124
0,0,0,0,0,0,1,33073201
0,0,0,0,0,0,1,32758342
0,1,0,0,0,0,1,32854513
0,0,0,0,1,0,0,32912930
0,0,0,0,1,0,0,33043317
0,0,0,0,1,0,0,32912388
0,0,0,0,0,0,1,33045577
0,0,0,1,0,1,0,33388272
0,1,0,0,0,0,0,32560694
0,0,0,0,0,0,1,32862111
0,0,0,0,1,0,0,32736468
0,0,0,0,1,0,0,33061273
0,0,0,0,1,0,0,33017239
0,0,0,0,0,1,0,33570448
0,1,0,0,0,0,0,32575505
0,1,0,0,0,0,0,32844604
0,0,0,0,1,1,0,33600386
1,0,0,0,0,0,0,32399455
0,1,0,1,1,0,1,32247050
0,0,0,0,0,0,1,32075365
1,0,0,0,0,0,0,32882068
0,0,0,0,1,1,0,33332291
0,0,0,0,1,0,0,32334162
0,1,0,0,0,0,1,32574081
0,0,0,0,1,0,0,32490720
0,1,0,0,0,0,1,32981387
0,0,0,0,1,0,0,32603849
0,0,0,0,0,0,1,32809050
0,1,0,1,0,1,0,33923138
0,0,0,0,1,0,0,32345861
0,1,0,0,0,0,1,32864456
0,0,0,0,1,1,0,32837280
0,0,0,0,0,1,0,32315808
0,1,0,0,0,0,1,32407255
0,0,0,0,1,0,0,32768308
0,0,0,0,1,0,0,32953732
0,0,0,0,1,0,0,32308988
0,1,0,0,0,0,0,33076968
0,0,0,1,0,0,0,32242873
1,0,0,0,0,0,0,32685307
1,0,0,0,0,0,0,32270592
0,0,0,0,0,0,1,32779961
1,0,0,0,0,0,0,32317558
0,0,0,1,0,0,0,32622411
0,0,0,0,1,0,1,32700223
0,1,0,0,1,1,1,33175702
0,0,1,0,1,0,0,32836818
0,1,0,0,0,0,0,32442528
0,1,0,0,1,0,1,32369222
0,0,0,1,0,1,1,32336927
0,0,0,0,1,0,0,32427744
0,0,0,1,0,0,1,32294179
0,0,1,0,1,1,0,32247326
0,0,0,0,1,0,0,32819955
0,0,0,0,1,1,0,33373782
0,0,0,0,1,0,0,32407230
0,0,0,0,1,0,0,32548651
0,0,0,1,0,0,1,32703818
0,0,1,0,1,0,0,32735581
0,0,0,1,0,0,1,32479986
0,0,0,1,0,0,1,32329419
0,1,0,0,0,0,1,32740062
0,0,0,1,0,0,1,32591908
0,0,0,0,1,0,0,32868962
0,0,0,0,1,0,0,32346568
1,0,0,0,0,0,0,32249089
0,0,0,0,1,0,0,32368429
1,0,0,0,0,0,0,32702930
0,0,0,0,1,0,0,33045425
0,0,0,0,1,0,0,33071520
0,0,0,1,0,1,0,33061805
0,0,0,1,0,0,1,32668165
0,0,0,1,0,0,1,32403318
0,0,0,0,1,0,0,32537484
0,0,0,1,0,0,1,32824753
0,0,0,0,1,0,0,32648989
0,0,0,0,1,0,0,32518469
0,1,0,1,0,0,0,32501535
0,0,1,0,1,0,0,32962157
0,1,0,0,0,0,0,32347200
0,0,0,0,1,0,0,32706094
1,0,0,0,0,0,0,32852576
0,0,0,1,0,0,1,33041543
0,0,0,0,1,0,0,32292814
0,1,0,0,0,0,1,32977128
0,1,0,0,0,0,1,32633594
0,1,0,0,0,0,0,32959978
0,0,0,1,0,0,1,32867244
0,0,1,0,1,0,0,32834585
0,1,0,0,0,1,0,32598557
1,0,0,0,0,0,0,32654244
0,0,0,0,1,0,0,32718425
0,0,0,0,0,0,1,32228222
0,0,0,0,1,1,0,32822289
1,0,0,0,0,0,0,32802926
0,0,0,1,0,0,1,32628976
0,1,0,1,1,1,0,32763128
0,1,0,0,0,0,0,33025219
0,0,0,0,1,1,0,34248448
1,0,0,0,0,0,0,32895254
0,0,0,0,1,1,0,33788655
0,0,0,0,1,0,0,32628128
0,0,0,1,0,0,1,32961074
0,0,0,0,1,0,0,32754469
1,0,0,0,0,0,0,32698095
0,1,0,0,0,0,1,32554082
0,0,0,1,0,0,1,32984832
0,0,0,0,1,0,0,32375922
0,1,0,0,0,0,0,33067995
0,0,0,0,1,0,1,32506699
0,0,0,1,0,0,1,33071044
0,0,0,0,0,0,1,32331217
0,0,0,1,0,0,1,33050511
0,0,0,1,0,0,1,32768697
0,0,0,0,1,1,0,34266516
0,0,0,0,0,0,1,32624690
0,0,0,0,1,0,0,32701120
0,1,0,0,0,0,0,32756602
0,0,0,0,1,1,0,32760171
0,0,0,0,1,0,0,32650614
1,0,0,0,0,0,0,32633215
0,0,0,0,1,0,1,32445573
0,1,0,0,0,0,1,32441351
0,0,1,0,1,0,0,32576256
0,0,0,0,1,0,0,32716835
0,0,0,0,0,0,1,32834950
0,0,0,0,1,0,0,32903226
0,0,0,0,1,0,0,33009614
0,0,0,0,0,1,0,33420694
0,0,0,0,1,0,0,32656359
1,0,0,0,0,0,0,32761492
0,0,1,0,0,0,0,33066965
0,1,0,0,1,0,1,32852623
0,1,0,0,0,0,0,32429101
0,1,0,0,0,0,0,32267826
1,0,0,0,0,0,0,33006138
0,0,0,0,1,0,0,32422331
0,0,0,0,1,0,0,32832438
0,1,0,0,0,0,1,32641121
1,0,0,0,0,0,0,32983309
0,0,0,0,1,0,0,32518047
0,1,0,1,1,0,0,32678072
0,1,0,0,0,0,0,32997893
0,0,1,0,0,0,0,33561915
0,1,0,1,0,0,1,32957548
0,0,0,1,0,0,1,32717117
0,1,0,0,0,0,1,32559282
0,0,0,0,1,0,0,32838033
0,1,0,0,0,0,1,32807934
0,0,0,0,1,0,0,32874703
0,0,0,1,1,1,0,33254590
0,0,0,0,0,0,1,32740890
0,0,0,0,1,0,0,32131908
0,0,0,0,1,0,0,33039393
0,1,0,0,0,0,0,32837095
0,0,0,0,1,0,0,32283050
0,0,0,0,0,0,1,32905189
0,0,0,0,1,0,0,32653775
0,0,1,0,1,0,0,34385518
1,0,0,0,0,0,0,32404787
1,0,0,0,0,0,0,33076191
0,0,0,0,1,0,1,32998524
0,0,0,0,1,0,0,32841675
0,0,0,0,0,0,1,32907362
0,1,0,0,0,0,0,32868966
0,0,0,0,1,0,0,32296837
0,0,0,0,1,0,0,32833780
1,0,0,0,0,0,0,32847628
0,0,0,0,1,1,0,32649436
0,0,0,0,1,0,0,32423515
0,0,0,1,0,0,1,32529952
0,0,0,0,1,0,0,32520284
0,0,0,1,0,0,1,33065046
0,0,0,0,1,0,1,33047573
0,0,0,1,0,0,1,32491949
0,0,0,0,1,0,0,32911123
0,0,0,0,0,0,1,32895599
0,1,0,0,0,0,0,33020043
0,1,0,0,0,0,0,32615621
0,0,0,0,1,0,0,32929400
0,0,0,0,1,0,0,32293582
0,0,0,0,0,0,1,32773613
1,0,0,0,0,0,0,33045427
0,0,0,0,0,0,1,33015546
0,0,0,0,1,0,1,32554825
0,0,0,0,1,0,0,32766088
0,0,0,0,1,0,1,32203711
1,0,0,0,0,0,0,33066910
0,0,0,0,1,0,0,32534864
0,1,0,1,0,0,1,33024460
0,0,0,1,0,0,0,32763951
0,1,0,0,0,0,1,33001040
1,0,0,0,0,0,0,32835273
0,0,0,0,0,0,1,32526507
0,0,0,1,0,0,1,32770235
0,0,0,0,1,0,0,32315907
0,1,0,0,0,0,1,32965603
0,0,0,0,1,0,0,33031212
0,1,0,0,0,0,0,32742318
0,0,0,0,1,0,0,32991873
1,0,0,0,0,0,0,32618839
0,0,0,0,1,0,0,32539245
0,1,0,0,0,0,0,32571228
0,0,0,0,1,1,0,34306118
0,0,0,1,0,1,0,33907312
0,0,0,0,1,1,0,32207679
1,0,0,0,0,0,0,32953287
0,0,0,0,1,0,0,32325474
1,0,0,0,0,0,0,32520512
0,0,0,0,1,0,0,32423996
0,0,0,0,1,0,0,32402577
0,0,0,0,1,0,0,32708720
0,0,0,0,1,0,0,32775941
0,0,0,1,0,0,1,32426002
0,0,0,1,0,0,1,32615182
0,1,0,0,0,0,0,33072432
0,0,0,0,1,0,0,32499169
0,0,1,0,1,0,0,32834796
1,0,0,0,0,0,0,32725351
0,0,1,0,1,0,0,32915762
0,0,0,0,0,0,1,32948465
0,0,0,0,0,0,1,32841042
0,0,0,0,1,0,0,32575958
0,0,0,0,1,0,0,33032817
0,1,0,0,1,0,0,32298247
0,0,0,0,1,0,0,32413608
0,0,0,0,0,0,1,32795214
0,1,0,0,1,0,0,32952144
0,0,0,0,1,0,0,32411359
0,0,0,0,0,0,1,32795424
0,1,0,0,0,0,0,32301761
0,0,0,0,1,0,0,32821569
0,1,0,0,1,1,0,33092997
0,1,0,0,0,1,0,34322584
0,1,1,0,0,0,0,32722110
0,1,0,0,0,0,0,32875578
0,0,0,1,0,1,0,33242581
0,0,0,0,1,0,0,32772788
0,0,1,0,1,1,0,32780754
0,0,1,0,1,0,0,33143594
0,0,0,0,1,0,1,32885616
0,0,1,0,0,0,0,33520628
0,1,0,0,0,0,0,32852240
0,1,0,1,0,0,1,32660186
0,0,1,0,1,0,0,34385538
0,0,0,0,1,0,0,32286909
1,0,0,0,0,0,0,32815238
0,0,0,0,1,0,0,32503819
0,0,0,0,1,0,0,32585665
0,1,0,1,0,0,0,32973590
0,1,0,0,0,0,0,32918932
0,0,0,1,0,0,1,32923747
0,0,0,0,1,0,0,33022599
0,1,0,0,0,0,1,32496252
0,1,1,0,1,0,0,33914068
0,1,0,0,0,0,0,32651978
0,0,0,0,1,0,0,32782050
0,0,0,1,0,1,0,34111431
0,0,0,0,1,0,0,32931758
0,0,1,0,0,0,0,32240634
0,0,0,1,0,0,1,32357553
0,0,0,0,1,0,0,33029549
0,1,0,0,0,1,0,33686768
0,0,0,0,1,0,0,33042770
0,1,0,0,0,0,1,32416121
0,1,0,0,1,0,1,32675033
0,0,0,0,1,1,0,33221596
0,0,0,0,0,0,1,32803762
0,1,0,0,0,0,1,32602683
0,0,0,0,0,0,1,32344202
0,0,0,0,1,0,0,32803251
0,0,0,0,0,0,1,32592716
0,0,0,1,0,0,1,32238094
0,0,0,0,1,0,0,32707253
0,0,1,0,0,0,0,33081974
0,0,0,0,1,0,1,32855772
0,0,0,0,1,0,0,33030259
0,0,0,1,0,0,1,32495577
0,0,0,0,1,0,0,32955472
0,0,0,0,0,0,1,33029275
0,0,0,0,0,0,1,32850116
0,0,0,1,0,0,1,32572383
0,0,1,0,1,0,0,34255772
0,0,1,0,0,0,0,32314804
1,0,0,0,0,0,0,32197060
0,0,0,1,0,0,1,32307550
0,0,0,0,1,0,0,32340892
0,0,0,0,0,0,1,32945590
0,0,0,0,1,0,0,32662615
0,0,0,0,1,0,0,32757894
0,1,0,0,0,0,1,33069541
0,0,0,0,1,0,0,32461408
0,0,0,0,1,0,0,32762354
0,1,0,0,0,0,0,32792598
0,0,0,0,0,0,1,32686219
0,1,0,0,0,0,1,32721928
0,1,0,1,0,0,1,32731282
0,0,0,0,1,0,0,32415918
0,0,0,0,0,0,1,32857454
0,0,1,0,0,0,0,32834468
0,0,0,1,0,0,1,32606823
0,0,0,0,1,0,0,32380026
0,1,0,0,0,0,0,33049042
0,1,0,0,0,0,0,32232322
0,0,0,0,1,0,0,32660568
0,0,0,0,1,0,0,32643906
0,0,0,0,1,0,0,32404225
0,1,0,0,0,0,1,32637059
0,0,0,0,1,1,0,32976707
0,0,0,0,1,0,0,32766202
0,0,0,0,1,0,0,32591654
0,0,0,0,1,0,0,33064222
0,1,0,0,0,0,0,32726200
0,0,0,0,1,0,0,32401218
0,0,0,1,0,0,0,32997649
0,1,0,0,1,0,0,32656001
0,0,0,0,0,0,1,32757497
0,0,0,0,1,0,0,32654433
0,0,0,1,0,0,1,32739174
0,0,0,0,1,0,0,32420923
0,1,0,1,0,0,1,32853319
0,0,0,0,1,0,0,32450255
0,0,0,0,1,0,1,32705860
0,0,0,0,1,0,0,32448761
0,0,0,0,1,0,1,32273253
0,0,0,0,1,0,0,32568494
0,0,0,0,1,1,0,33518772
0,0,0,0,0,0,1,32589775
0,0,0,0,1,0,0,32766458
0,1,0,0,0,1,0,33253283
0,0,0,0,0,0,1,32454981
0,0,0,0,0,0,1,33031192
0,0,0,0,1,0,0,32817714
0,0,0,0,1,0,0,32431273
0,0,0,1,0,0,1,32798222
0,0,0,1,0,0,1,32994211
0,1,0,1,0,0,0,32880873
0,0,0,0,1,1,0,32946453
0,1,0,0,0,0,1,32084676
0,0,0,1,0,0,0,33041626
0,0,0,1,0,1,0,32534021
0,0,0,0,1,0,0,32482888
0,0,0,0,1,0,0,32348582
0,0,0,0,1,0,0,32578820
0,0,0,0,1,0,0,32602306
0,0,0,0,1,0,0,32682016
0,0,0,0,1,1,0,33682974
0,0,0,1,0,0,0,32844124
0,0,0,0,1,0,0,32723816
0,0,0,1,0,0,1,33042151
0,0,0,0,1,0,0,32849231
0,0,0,1,0,0,1,32828069
0,1,0,0,0,0,0,33031948
0,0,0,0,1,0,0,32340549
0,0,0,1,0,1,1,32592845
0,0,0,0,1,1,0,34172764
0,0,0,0,1,0,0,32523146
0,0,0,0,0,0,1,32561657
0,0,0,1,0,0,1,32730512
1,0,0,0,0,0,0,32727107
0,0,0,1,0,0,1,32793244
0,0,0,0,0,0,1,32801840
0,0,0,0,1,0,0,32372852
0,0,0,0,1,0,0,32901228
0,0,0,1,0,0,1,32284379
0,1,0,0,0,0,1,33050499
0,1,0,0,0,0,0,32989413
0,0,0,0,1,0,0,32449782
0,1,0,0,0,0,0,32643418
0,1,0,0,0,0,0,32290644
0,1,0,0,0,0,1,32813879
0,0,0,0,1,0,0,32390661
0,0,0,0,0,1,0,33356979
0,0,0,1,0,0,0,32888056
0,0,0,0,0,0,1,32339304
1,0,0,0,0,0,0,32489724
0,0,0,0,1,0,0,32379708
0,1,0,0,0,0,1,32503812
0,1,0,0,0,1,0,33778108
1,0,0,0,0,0,0,33028403
0,0,0,0,1,0,1,32431287
0,0,0,0,1,0,0,32982108
0,0,1,0,1,0,0,32450712
0,0,0,0,0,0,1,32394344
0,1,0,0,0,0,1,32668007
0,1,0,0,0,0,1,32914189
0,0,0,0,1,0,0,32569751
1,0,0,0,0,0,0,32770973
0,0,0,0,1,0,0,32819712
0,0,0,0,1,0,0,32379056
0,0,0,0,0,0,1,32339350
0,0,0,0,1,0,0,32269177
0,0,0,0,0,0,1,32702299
0,0,1,0,0,0,0,33100608
0,0,0,0,1,1,0,33214989
0,1,0,0,0,0,0,32236856
0,1,0,0,1,0,0,32545412
0,0,0,0,1,0,0,32342112
0,0,0,0,0,0,1,32589146
0,0,0,0,1,0,0,32931811
0,0,0,1,0,1,1,32719819
0,0,0,0,1,0,0,33052078
0,1,0,0,1,0,0,32983255
0,1,0,1,0,0,1,32855182
0,0,0,1,0,0,1,32540268
0,0,0,0,1,0,0,32395909
0,1,0,0,0,0,0,32838230
0,0,1,0,0,0,0,32007643
0,0,0,0,1,0,0,32737005
0,0,0,0,0,0,1,33063035
0,0,0,1,1,0,1,32597503
0,1,0,0,0,0,1,32702463
0,0,1,0,1,0,0,32836819
0,0,0,1,0,0,0,32079638
0,1,0,0,0,0,0,32472688
0,0,0,0,1,0,0,32426144
0,0,0,1,0,0,1,32253068
0,0,0,1,0,1,1,33504302
1,0,0,0,0,0,0,32728901
0,0,0,0,1,1,1,34330988
0,0,0,0,1,0,0,32600965
0,1,0,0,0,0,0,32737746
0,0,0,0,1,0,0,32749806
0,1,0,0,0,0,1,32422076
0,0,1,0,0,0,0,32911257
0,0,0,0,1,0,0,32624560
0,0,0,0,1,0,0,32462468
0,0,0,0,1,0,0,32346469
0,1,0,0,0,0,1,32979271
0,0,0,1,0,0,1,32573788
0,0,1,0,1,0,0,32656017
0,1,0,0,0,0,1,32407746
0,0,0,0,1,0,0,32473781
0,0,0,1,0,0,1,32781571
0,1,0,0,0,0,1,32842058
0,1,0,1,0,0,0,32852580
0,0,0,0,0,0,1,32869558
0,0,0,0,1,0,0,32669149
0,0,0,0,1,0,0,33014625
0,0,0,0,1,0,0,32767350
1,0,0,0,0,0,0,32777178
0,0,0,0,1,0,0,32760126
0,0,0,0,1,0,0,32153171
0,0,0,1,0,0,0,32931441
0,0,0,0,1,0,0,32622376
0,0,0,0,1,0,0,32899803
0,0,0,0,1,0,0,32520122
0,0,0,0,0,0,1,32245150
0,1,0,0,0,1,0,32841411
0,0,0,0,1,0,0,32743795
0,0,0,0,1,0,0,32541213
0,0,0,0,1,0,0,32610080
0,0,0,0,1,0,0,32810844
0,0,0,0,0,0,1,32972176
1,0,0,0,0,0,0,32502128
0,0,0,0,1,0,0,32972766
0,0,0,1,0,0,1,32454513
0,0,0,0,1,0,0,32835184
0,0,1,0,1,0,0,33839712
0,0,0,0,1,0,0,32837354
0,0,0,0,1,0,0,32669027
0,0,0,1,0,0,1,32539378
0,0,0,0,1,0,0,32474129
0,0,0,0,0,0,1,32476261
0,0,0,0,1,0,0,32520878
0,0,0,0,0,1,0,33998494
0,0,0,0,1,0,0,32812872
0,0,0,1,0,0,1,32617313
0,0,0,0,1,0,0,32458356
0,0,0,0,1,0,0,32433251
0,0,0,0,1,0,0,32649591
1,0,0,0,0,0,0,32670718
0,0,0,0,1,1,0,34383889
0,0,0,0,0,0,1,32405421
0,0,0,0,0,0,1,32634024
0,0,0,0,1,0,0,33031360
0,0,0,0,0,0,1,32692266
0,1,0,1,1,0,1,32469437
0,0,0,0,1,0,0,32921879
0,1,0,0,0,0,0,33069957
0,1,0,0,0,0,0,32569635
0,0,1,0,1,0,0,33613000
0,0,0,1,0,0,1,32354030
0,0,0,0,0,0,1,32786401
0,0,0,0,1,0,0,32857603
0,0,0,0,1,0,0,32593116
0,0,0,0,0,0,1,32739134
0,0,0,0,1,0,0,32500510
0,0,0,0,1,0,0,32523135
0,0,0,1,0,0,1,32902818
0,0,0,0,0,0,1,32952306
0,0,0,0,0,0,1,32918548
0,0,0,1,0,0,1,32962761
0,0,0,0,1,0,0,33043281
0,0,0,0,1,0,0,32422662
0,0,0,0,1,0,0,32247056
0,0,0,1,0,0,1,32302265
0,1,0,1,1,0,1,32023684
0,0,0,0,1,1,0,33560412
0,0,0,0,1,1,0,33076880
0,0,0,0,1,0,0,32980677
0,1,0,0,0,0,0,32353760
0,1,0,0,0,0,1,32496357
0,0,0,0,1,0,0,32744582
0,1,0,0,0,0,1,32726417
0,0,0,0,1,1,0,33095815
0,0,0,0,1,0,0,32766414
0,0,0,0,1,0,0,32615619
0,0,0,0,1,0,0,32720399
1,0,0,0,0,0,0,32952147
0,0,0,0,1,0,0,32769091
0,0,0,0,1,0,0,32407178
0,1,0,0,0,0,1,32528760
0,0,0,0,1,0,0,32395069
0,0,0,0,1,0,1,33041141
0,1,0,0,0,0,0,32942795
0,1,0,0,0,0,0,32921721
0,1,0,0,0,0,1,32750442
0,0,0,0,1,0,0,32330351
0,0,0,0,0,0,1,32278175
0,0,0,0,1,0,0,32662057
0,0,0,0,1,0,0,32696088
1,0,0,0,0,0,0,32738040
0,0,0,1,0,0,1,32834114
0,0,0,1,0,0,0,32496247
0,0,0,0,0,0,1,32854262
0,0,0,0,1,0,0,32871264
1,0,0,0,0,0,0,32699677
1,0,0,0,0,0,0,32811667
0,0,0,0,1,0,0,32900399
1,0,0,0,0,0,0,32227197
0,0,0,1,0,0,0,32105680
0,0,0,0,0,0,1,32648959
0,0,0,0,1,0,0,32741409
0,0,0,0,1,0,0,32890526
0,0,1,0,0,0,0,33391985
0,0,0,0,1,1,0,33839714
0,0,0,0,1,1,0,33684341
0,0,0,0,1,0,0,32816590
0,0,0,0,1,1,0,32831176
0,0,0,1,1,1,0,32275259
0,0,0,0,1,0,0,32938783
0,0,0,1,0,0,0,32320687
0,0,0,0,1,0,0,32739443
0,1,0,0,0,0,0,32358956
0,0,0,0,1,0,0,32584105
0,1,0,0,0,0,0,32427651
0,0,0,0,1,0,0,32892650
0,1,0,0,0,0,1,32711256
0,0,0,0,1,0,0,32340546
0,1,0,0,0,0,1,33045152
0,0,0,0,1,0,0,32451655
0,1,0,0,0,0,1,32879101
0,0,0,0,1,1,0,34031456
1,0,0,0,0,0,0,33065616
0,0,0,1,0,0,1,32846644
0,0,0,0,1,0,0,32705994
0,0,0,0,1,0,0,33008702
0,0,0,0,1,0,0,32963474
0,1,0,0,0,0,0,33011877
0,1,0,0,0,0,1,32745596
0,0,0,0,1,0,0,32678526
0,0,0,1,0,0,1,32863490
0,1,0,0,0,0,0,32502116
0,0,0,0,1,0,0,32834690
0,0,1,0,1,0,0,32743124
0,0,0,0,1,0,0,32129580
1,0,0,0,0,0,0,32835024
0,0,0,0,1,0,0,32418489
0,0,0,0,1,0,0,32969089
0,0,0,0,1,0,0,32468998
1,0,0,0,0,0,0,32755343
0,1,0,0,0,0,0,32437124
0,0,0,1,0,0,1,32649864
0,0,0,0,1,0,0,32629880
0,1,0,0,0,0,0,33070766
0,0,0,1,0,0,1,32616594
0,0,1,0,1,0,0,32629791
0,0,0,0,1,0,0,32841311
0,1,0,0,0,0,1,33072869
0,0,0,0,1,0,0,32553893
0,1,0,0,0,0,1,32612961
0,0,0,0,1,0,0,32724668
0,0,0,0,1,0,0,32698245
0,0,0,0,1,0,0,32572350
1,0,0,0,0,0,0,32999856
0,0,0,0,1,0,0,32441770
0,1,0,0,1,0,1,33049464
0,1,0,0,0,0,0,32719001
0,1,0,0,0,0,0,32663601
0,0,0,0,1,0,0,33010487
0,1,0,1,0,0,0,32220574
0,0,0,1,0,0,1,33052144
0,0,0,0,0,1,0,33979566
0,1,0,0,0,0,0,32921701
0,0,0,1,0,0,1,32705952
0,0,0,0,1,0,0,32435890
0,1,0,0,0,0,1,32756178
0,0,0,0,0,0,1,32924401
0,0,0,0,0,0,1,32769401
0,0,0,0,1,0,0,32865190
0,0,0,0,1,1,0,32299206
0,1,0,0,0,0,1,32324360
0,0,0,0,1,0,0,32387794
0,1,0,0,0,0,0,32371192
0,0,0,0,1,0,0,32914768
0,1,0,0,0,0,1,32574694
0,0,1,0,1,0,0,33533980
1,0,0,0,0,0,0,32733625
0,1,0,0,0,0,1,32691236
0,0,0,0,1,1,0,32524953
1,0,0,0,0,0,0,33049924
0,0,0,0,1,0,0,33019286
0,0,0,0,1,0,0,33004091
0,0,0,1,0,1,1,33921938
0,0,0,0,1,1,0,32502664
0,1,0,0,0,1,1,33530804
0,1,0,0,0,0,1,32770797
0,0,0,0,1,0,0,33035674
0,0,0,1,0,0,1,32336957
0,0,0,0,1,0,0,32826719
0,0,0,0,1,0,0,32868971
0,0,0,0,1,0,0,32987040
0,0,0,1,0,0,1,32514047
0,0,0,0,0,0,1,33049487
0,1,0,0,0,1,0,33294423
0,1,0,0,0,0,0,32834651
0,0,0,0,0,0,1,32961675
0,0,0,0,1,0,1,32342873
0,1,0,0,0,0,0,32596725
0,1,0,0,0,0,1,32439209
0,1,0,0,0,0,0,32944160
0,0,0,1,0,1,0,33173837
0,0,0,0,1,0,0,32834901
0,1,0,0,0,0,1,32744714
0,0,0,1,0,1,0,33274614
0,0,0,1,0,0,0,32626554
0,0,0,0,1,0,0,32646454
0,0,0,0,1,0,0,32838225
0,1,0,0,1,0,0,32395542
0,0,0,1,0,0,1,32686993
0,0,0,0,1,0,0,33070758
1,0,0,0,0,0,0,32923288
0,0,0,1,0,0,1,33014130
0,1,0,0,1,0,0,33065193
0,0,0,0,0,0,1,32314503
0,1,0,0,1,1,1,33110677
0,1,0,1,0,0,1,32416028
0,0,0,0,1,0,0,33056951
0,0,0,0,1,0,0,32921286
0,0,0,0,0,0,1,32348165
0,0,0,0,1,0,0,32811627
0,0,0,0,1,0,0,32359857
0,0,0,0,1,0,0,32287365
1,0,0,0,0,0,0,32232429
0,1,0,0,0,0,0,32441243
0,0,0,1,0,0,1,32476472
0,0,0,0,0,0,1,33062267
0,0,0,0,1,1,0,33909351
0,0,0,0,0,0,1,32910318
0,1,0,1,0,0,1,32744561
0,0,1,0,1,0,0,32565842
0,1,0,0,1,0,0,32725271
0,1,0,0,0,0,0,32703538
0,0,0,0,1,0,0,32781078
0,0,0,0,1,1,0,33997146
0,0,0,1,0,0,1,32867645
0,0,0,1,0,1,0,32015508
0,0,0,0,1,0,0,32426318
0,1,0,0,0,1,0,33521734
0,1,0,0,0,0,0,32838176
0,1,0,0,0,0,1,32923991
0,0,0,1,1,1,0,33920724
0,0,0,0,0,0,1,32818962
0,0,0,0,1,0,0,33011680
0,0,0,0,1,0,0,32699155
0,0,0,1,0,0,1,32756323
0,0,0,0,1,0,0,32674510
0,0,0,0,1,0,0,32733979
0,0,0,0,1,0,0,32793008
0,0,0,0,1,0,0,32971311
0,0,0,0,1,1,0,34092228
0,0,0,0,1,0,0,33048784
0,0,0,1,0,0,1,32721804
0,0,0,1,0,0,1,32754224
0,1,0,0,0,0,0,32879082
0,0,0,0,1,0,0,32768261
0,1,0,0,0,0,1,32866033
1,0,0,0,0,0,0,32999184
0,0,0,0,1,1,0,32290445
1,0,0,0,0,0,0,32840571
0,0,0,0,0,0,1,32982743
0,0,0,0,0,0,1,32074786
0,1,0,0,1,0,0,33029620
0,1,0,0,0,0,0,32404799
0,0,0,1,0,0,1,32636755
0,0,0,1,0,0,1,32768490
0,0,0,0,1,0,0,32837731
0,0,0,1,0,0,1,32645632
0,0,0,0,0,0,1,32853673
0,0,0,0,0,0,1,32968487
0,0,0,0,1,0,0,32718266
1,0,0,0,0,0,0,32912716
0,0,0,1,0,1,0,34035952
0,1,0,0,0,0,0,32991885
0,0,0,1,0,0,1,32744711
0,0,0,0,0,0,1,32593867
0,0,1,0,1,0,0,32482785
0,0,0,0,1,0,0,32898806
0,0,0,0,1,0,0,33053788
0,1,0,1,0,1,0,32314790
0,0,0,0,1,0,0,32296046
0,1,0,0,0,0,1,33039964
0,1,0,0,0,0,0,32106462
0,1,0,0,0,0,0,32837591
0,0,0,0,1,0,0,32400924
0,0,0,0,1,0,0,32100979
0,1,0,0,0,0,1,33073216
0,0,0,1,0,0,1,32505072
1,0,0,0,0,0,0,32836897
0,0,0,0,1,0,0,32564757
0,1,0,1,0,1,1,32020915
0,1,0,0,0,0,1,32829885
0,0,0,0,1,0,0,32787389
0,0,0,0,1,0,0,32279694
0,0,0,0,1,0,0,32313348
0,0,0,1,0,0,1,32875166
0,0,0,1,0,0,1,32492406
0,1,0,1,0,0,0,32581854
0,0,0,1,1,1,0,32057211
0,0,0,1,0,0,1,32821033
0,0,0,0,1,0,0,32304512
0,0,0,1,0,0,1,32388476
0,1,0,0,0,0,1,32915476
1,0,0,0,0,0,0,32519293
0,1,0,0,0,0,0,32474631
0,0,0,0,1,0,0,32722174
0,1,0,0,0,0,1,32509258
0,0,0,0,1,0,0,32518743
0,1,0,0,0,0,1,33073361
0,0,0,0,1,0,1,33009957
0,0,0,0,0,0,1,32964653
0,1,0,0,0,0,0,32749709
0,1,0,0,0,0,1,32668058
0,0,0,0,0,0,1,32754036
0,0,0,0,1,0,0,32484782
0,0,0,0,1,0,0,32478558
0,0,0,0,1,0,0,33046943
0,0,0,0,1,0,0,32228309
0,0,0,0,0,0,1,32648153
0,0,0,0,1,0,1,32644876
0,0,0,0,1,0,0,32405285
0,0,0,1,0,0,1,32603424
0,0,0,0,1,0,0,33031464
0,0,0,0,1,0,0,32827748
0,0,0,1,0,0,0,32654247
0,0,0,0,1,0,1,32656673
0,0,0,0,1,0,0,32617078
0,1,0,0,0,0,1,32710820
0,0,0,1,0,0,1,33071815
0,0,0,0,0,0,1,32646930
0,0,0,0,1,0,0,32386473
0,0,0,0,1,0,0,32415882
0,0,0,0,1,0,0,32967691
0,0,0,0,1,0,0,32301628
0,1,0,0,0,0,1,32796355
0,0,0,0,1,0,0,32965370
0,0,0,0,1,1,0,33540130
0,1,0,0,0,0,0,32558646
0,0,0,0,0,0,1,33064677
0,0,0,0,1,0,0,32478713
0,1,0,1,0,1,0,32955375
0,1,0,0,0,0,1,32768938
1,0,0,0,0,0,0,32900752
0,0,0,0,1,1,0,33643658
0,0,0,1,0,0,1,32825954
0,0,0,0,0,1,0,33761077
0,0,1,0,0,0,0,32377030
0,1,0,0,0,0,1,32840663
0,1,0,0,0,0,1,33058027
0,0,0,0,0,0,1,32512122
0,0,0,0,1,0,0,32658860
0,1,0,0,0,0,1,32969711
1,0,0,0,0,0,0,32433161
0,0,0,0,1,0,0,32612973
0,0,0,0,1,0,0,32550286
0,0,0,0,1,0,0,32646044
0,1,0,1,1,1,1,32730095
0,0,1,0,1,0,0,32817697
1,0,0,0,0,0,0,32816059
0,1,0,1,0,0,0,32500944
0,0,1,0,1,0,0,32834916
0,0,0,0,1,0,0,32589151
0,1,0,0,0,0,0,32863557
1,0,0,0,0,0,0,33070706
0,0,0,0,0,0,1,32513308
0,1,0,0,0,0,1,32674823
0,1,0,0,0,0,1,32798340
0,1,0,0,1,0,0,33074885
0,1,0,0,0,0,1,32345594
0,0,0,0,1,0,0,32841988
0,1,0,1,0,1,1,32680695
0,0,1,0,0,0,0,33063056
1,0,0,0,0,0,0,32835280
0,0,0,0,1,0,0,32591171
0,0,0,0,1,0,0,32802695
0,0,0,0,1,0,0,32701558
0,0,0,0,1,0,0,32569797
1,0,0,0,0,0,0,32533346
0,0,0,0,1,0,0,32350857
0,0,0,1,0,0,1,32930523
0,1,1,0,0,0,0,33441091
0,0,0,0,1,0,0,33051392
0,0,0,1,0,0,1,32022276
0,0,0,1,0,0,1,32582576
0,0,0,0,1,0,0,32551770
1,0,0,0,0,0,0,32368493
0,0,0,0,1,0,0,32454574
0,0,0,0,1,0,0,32401934
0,0,0,0,0,0,1,33031652
0,0,0,0,1,0,0,32811213
0,0,0,0,1,0,1,32833776
0,0,0,0,1,0,0,32500116
0,0,0,0,1,0,0,32576325
0,0,0,0,1,0,0,33055123
0,0,1,0,1,0,0,34344916
0,0,0,0,1,0,0,32407758
0,0,0,0,0,0,1,32418446
0,0,0,0,0,0,1,32344313
0,0,0,0,0,0,1,32808940
0,0,0,0,1,0,0,32399493
0,0,0,0,1,0,0,32709770
0,0,0,0,1,0,0,32653358
0,1,0,0,0,0,1,32903841
0,0,0,1,0,0,1,32228226
0,0,0,0,1,1,0,33613145
0,0,0,1,0,0,1,32863157
1,0,0,0,0,0,0,32455111
0,0,0,0,1,0,0,32779342
0,1,0,0,0,0,1,32503180
0,0,1,0,1,0,0,32817726
0,1,0,1,0,0,0,33000143
0,0,0,0,1,0,0,32405411
0,0,0,0,0,0,1,32910919
1,0,0,0,0,0,0,32951058
0,1,0,0,0,1,0,32932800
0,0,0,0,1,0,0,32954707
0,0,0,0,1,1,0,33504339
0,0,0,0,0,0,1,32292113
0,0,0,0,0,1,0,34095513
0,1,0,0,0,0,1,32532945
0,0,0,1,0,1,0,32764506
0,0,0,0,1,0,0,32569493
0,0,0,1,0,0,0,32929268
0,0,0,0,1,0,0,32272522
0,0,0,0,1,0,0,32948871
0,0,0,0,1,0,0,32451877
0,0,0,0,0,0,1,33078372
0,1,0,0,0,0,0,32437022
1,0,0,0,0,0,0,32969365
0,0,0,0,1,0,0,32805466
0,0,0,0,1,0,0,32581069
0,0,0,1,0,1,0,33686400
0,1,0,1,0,0,1,32803143
0,0,0,0,1,0,1,32538003
0,1,0,0,0,0,0,32187837
0,1,0,0,0,0,0,32424603
0,1,0,0,0,0,1,32788008
0,0,0,0,0,0,1,33028485
0,0,0,0,1,0,0,32843835
1,0,0,0,0,0,0,32483500
0,1,0,0,0,0,0,33003105
0,1,0,0,0,1,0,32277759
0,0,0,0,1,0,0,32478712
0,1,0,0,0,0,1,32837300
0,0,0,1,0,0,0,32984489
0,0,0,0,1,0,0,32834387
0,1,0,0,0,0,0,32403008
0,0,0,0,1,0,0,32874142
0,0,0,1,0,1,0,33936746
0,0,0,0,1,1,0,32990399
1,0,0,0,0,0,0,32871902
0,0,0,0,1,0,0,32525825
0,1,0,0,0,0,0,32318916
1,0,0,0,0,0,0,32692733
0,0,1,0,1,0,0,32987547
0,1,0,0,0,0,1,32803716
0,0,0,0,0,0,1,32422178
0,0,0,0,1,0,0,32436251
0,0,1,0,0,0,0,32794042
0,0,0,0,1,0,0,32657669
0,1,0,1,0,0,1,32462267
0,0,0,0,0,0,1,32899063
0,1,0,0,0,0,0,32247926
0,0,0,0,1,0,0,32572981
0,1,0,0,0,0,0,32424329
0,0,0,1,0,0,1,32621718
0,0,0,0,0,0,1,33048300
0,1,0,0,0,0,0,32880004
0,0,0,1,0,0,1,32742475
0,0,0,0,1,0,0,32418947
0,0,0,0,1,0,0,32198988
0,0,0,0,0,0,1,32885373
0,1,0,0,0,0,0,32868745
0,0,0,0,1,0,0,32998719
0,0,0,0,0,0,1,32456404
0,1,0,0,0,0,0,33026628
0,1,0,0,0,0,0,32387967
0,0,0,0,1,1,0,33729905
0,1,0,1,0,0,0,32462689
0,0,0,0,1,0,0,32667257
0,0,0,0,0,0,1,32429774
0,0,1,0,1,0,0,33330309
0,1,0,0,0,0,0,33027349
0,1,0,0,1,0,0,32954488
0,0,0,1,0,0,1,32867349
0,1,0,0,0,0,0,33052324
0,0,0,0,1,0,0,32355132
1,0,0,0,0,0,0,32859619
0,1,0,0,0,0,1,32872734
0,1,0,0,0,1,0,32761228
0,0,0,0,1,0,0,32549337
0,0,0,0,1,0,0,32612565
0,0,0,0,1,0,0,32363409
0,0,0,1,0,0,1,32416411
0,0,0,0,1,0,0,32355450
0,1,0,1,0,0,1,32921726
0,1,0,0,0,0,1,33051976
0,1,0,0,0,0,1,32555006
0,0,1,0,0,0,0,32834609
0,0,0,0,0,1,0,32251789
0,0,0,0,1,0,0,32854044
0,0,0,1,0,0,0,33025751
0,1,0,0,0,0,1,33040520
0,0,0,1,0,1,0,32149484
0,1,0,0,0,0,0,32496919
0,0,0,0,1,1,0,33678946
0,0,0,0,1,0,0,32719805
0,1,0,0,0,0,0,33045499
0,0,0,0,1,0,0,32502005
0,0,0,0,1,0,1,32780821
0,1,0,0,0,0,1,32990010
0,0,0,1,0,0,1,32348692
0,1,0,1,0,0,0,32690600
0,1,0,1,0,0,1,32660185
1,0,0,0,0,0,0,32520506
0,1,0,0,0,0,1,32359035
0,0,0,1,0,0,1,32837913
0,1,0,0,0,0,1,32960510
0,0,1,0,1,0,0,32800093
0,0,0,1,0,0,1,32129518
1,0,0,0,0,0,0,32375150
0,1,0,0,0,0,1,32986793
0,1,0,0,0,0,0,32964657
0,1,0,0,0,0,0,32232648
0,0,0,0,1,0,0,32962383
0,0,0,0,1,0,0,32713413
0,0,0,1,0,0,0,32092539
0,0,0,0,1,0,0,32645554
0,1,0,0,1,0,0,32876244
0,0,0,0,1,0,0,32246897
0,0,0,1,0,0,1,32581077
0,0,0,1,0,0,1,32769050
0,0,0,1,0,0,1,32822426
0,1,0,0,0,0,1,32524516
0,0,1,0,0,0,0,33529705
0,0,0,1,0,1,0,33655480
0,0,0,0,1,0,0,32694270
0,1,0,0,0,0,0,33037946
0,0,0,0,1,0,0,32375105
0,0,0,0,0,0,1,32606050
0,1,0,0,0,0,0,32603515
0,0,0,0,1,0,0,32292635
0,0,0,0,1,0,0,32921037
0,1,0,1,0,0,1,32531085
0,0,0,0,1,0,0,32881850
0,1,0,1,0,0,0,32935831
0,0,0,0,1,0,0,32837499
0,0,0,0,1,0,0,32574342
0,0,0,0,1,0,0,32734293
0,0,0,0,1,0,0,32719035
0,0,0,1,0,0,1,32444466
0,0,0,0,1,0,0,32323016
0,0,0,1,0,0,0,32542735
0,0,0,0,1,0,0,32841519
0,0,1,0,1,0,0,32835142
0,0,0,0,1,0,0,32501804
0,1,0,1,0,0,1,32946149
0,0,0,0,1,0,0,32687455
0,1,0,0,0,0,1,32920452
0,0,0,1,0,0,1,32700795
0,1,0,0,0,0,0,32828701
0,1,0,0,0,0,1,32719766
0,0,0,0,1,0,0,32358217
0,0,0,0,1,1,0,32652357
1,0,0,0,0,0,0,32965656
0,0,0,1,0,1,0,33051841
0,0,0,0,1,0,0,32402693
0,0,0,0,1,0,0,32738884
0,0,0,0,1,0,0,32539661
0,0,0,0,1,0,0,32497746
0,0,0,0,1,0,1,32427173
0,1,0,0,0,0,0,32539346
0,0,0,0,0,0,1,32303885
0,0,0,0,1,0,0,32780181
0,0,1,0,0,0,0,33994677
0,1,0,1,0,1,0,32522830
0,1,0,0,1,0,0,32452804
0,0,0,0,1,0,0,32938609
0,0,0,0,1,0,0,32336467
0,0,0,0,1,0,0,32801068
0,0,0,0,1,0,0,32837554
0,0,0,0,1,0,0,32587149
0,0,0,0,1,0,0,32837278
0,1,0,0,0,0,0,32502585
0,0,0,0,1,0,0,32463288
0,0,0,0,1,0,0,32499385
0,1,0,1,0,0,1,32873611
0,0,0,0,0,0,1,32592163
0,1,0,0,0,0,0,32961061
0,1,0,0,0,0,1,33044019
0,1,0,0,0,0,1,32460927
0,0,0,1,0,1,1,34023987
0,0,0,0,1,1,0,33052311
0,0,0,0,1,0,0,32412096
0,1,0,0,0,0,1,32946031
0,0,0,0,1,1,0,32652898
0,0,0,1,0,0,1,33009401
0,1,0,0,0,0,1,32589691
0,0,0,0,1,1,0,33572542
0,0,0,0,1,0,0,32482155
0,1,0,0,0,0,0,32685113
0,0,0,1,0,0,0,32838362
0,0,0,0,0,1,0,32982135
1,0,0,0,0,0,0,32432162
0,0,0,0,1,0,0,32766396
0,0,0,1,0,0,0,32908316
0,1,0,0,0,1,0,32736407
0,1,0,0,0,0,0,32933519
0,0,0,0,1,0,0,32559167
0,0,0,0,1,1,0,33283238
0,0,0,0,0,0,1,32733775
0,0,0,1,0,0,1,32854247
0,0,0,1,0,0,1,32993015
1,0,0,0,0,0,0,32528785
0,0,0,0,1,0,0,32501378
0,1,0,0,0,0,1,32685880
0,0,0,0,1,0,0,32757087
0,1,0,0,0,0,0,32627216
0,0,0,1,0,1,0,33046695
0,1,0,0,0,0,0,33058134
0,0,0,0,1,0,0,32918606
0,0,0,0,1,0,0,32619835
0,0,0,0,1,0,0,32609235
0,1,0,1,0,0,1,32981023
0,0,0,1,0,0,1,32383269
0,0,0,0,1,0,0,32374942
0,1,0,0,0,0,0,32916801
0,0,0,0,0,0,1,32572174
1,0,0,0,0,0,0,32926714
0,1,0,0,0,1,1,33485605
0,0,0,0,1,0,0,32837388
0,0,0,0,1,1,0,32900402
0,0,0,0,1,0,0,32391413
0,0,0,1,0,0,1,32833213
0,1,0,0,0,0,1,32511784
0,0,0,0,1,0,0,32497747
0,0,0,0,1,1,0,34316562
0,0,0,1,0,1,0,33031088
0,0,0,0,0,0,1,32779728
0,0,0,0,1,0,0,32401931
0,0,0,1,0,1,1,33785459
1,0,0,0,0,0,0,32815513
1,0,0,0,0,0,0,32959998
1,0,0,0,0,0,0,33048801
0,1,0,0,0,0,0,32524223
0,0,0,0,0,0,1,32405160
0,1,0,0,0,0,1,32965369
0,0,0,0,1,0,1,32530776
0,1,0,0,0,1,1,32779193
0,0,0,0,1,0,0,32412231
0,1,0,0,0,0,1,32382684
0,0,0,1,0,0,1,32301766
0,0,0,0,1,0,0,32837763
0,0,0,0,1,0,0,32860226
0,1,0,0,0,0,0,32797176
0,0,0,0,1,0,0,32545587
0,0,0,0,1,0,0,32560965
1,0,0,0,0,0,0,32798215
0,0,0,0,0,1,0,32141279
0,0,0,0,1,0,0,32405089
0,1,0,0,0,0,1,32924707
0,0,0,0,0,0,1,32682041
0,0,0,0,1,0,0,32602404
0,0,0,1,1,1,0,33790874
0,1,0,0,1,0,0,32986242
0,0,0,0,1,0,0,32552016
0,0,0,0,1,0,0,32391282
0,0,0,0,1,0,0,32952304
0,0,0,0,1,0,0,32359846
0,1,0,0,0,0,1,32732512
0,0,0,0,0,0,1,32434272
1,0,0,0,0,0,0,32328338
0,0,0,0,1,0,0,32533799
0,0,0,0,1,0,0,32904943
0,0,0,1,0,1,0,32599304
0,0,1,0,0,0,0,32498136
0,0,0,1,1,0,1,32777758
0,0,0,0,1,0,0,32663793
0,1,0,0,0,0,0,32501424
0,0,0,0,1,0,0,32993455
0,1,0,0,0,0,0,32423359
0,0,0,0,0,0,1,32802994
0,0,0,0,0,1,0,32827813
0,0,0,0,1,0,0,32534210
0,0,0,0,1,1,0,33453351
1,0,0,0,0,0,0,32835023
0,0,0,0,0,0,1,32257537
0,1,0,0,0,0,0,33020140
0,0,0,0,1,0,0,32907581
0,0,0,0,1,1,0,32340093
0,1,0,0,0,0,0,32447742
0,1,0,0,0,0,1,32882719
0,0,0,0,1,0,1,32536480
0,0,0,0,1,0,0,32342998
0,0,0,0,0,0,1,32640492
0,0,0,0,1,0,0,32518102
0,0,0,0,1,0,0,32896424
1,0,0,0,0,0,0,32704472
0,0,0,0,1,0,0,32567480
0,0,0,0,0,1,0,32681089
0,0,0,1,0,0,1,32375200
0,0,0,0,1,0,0,32354081
0,1,0,0,0,0,1,32769260
0,1,0,0,0,0,0,32482845
0,0,0,0,1,0,0,32730140
0,1,0,0,0,0,1,33039965
0,0,0,0,1,0,0,33050914
0,0,0,1,0,0,1,32552534
0,0,0,1,0,0,1,32921715
0,0,0,0,1,0,0,32370561
0,0,0,0,0,1,0,34127665
0,0,1,0,0,0,0,33121072
0,0,0,0,0,0,1,32950044
0,1,0,1,0,0,1,32654350
0,0,0,1,0,0,0,33039147
1,0,0,0,0,0,0,32622823
0,0,0,0,1,0,0,32904876
0,1,0,0,0,0,0,32884452
0,0,0,0,1,0,0,32821192
0,0,0,0,1,0,0,32850608
0,1,0,0,0,0,1,32471650
1,0,0,0,0,0,0,32838009
0,0,0,0,1,0,0,32238221
0,1,0,1,0,0,1,33017280
0,1,0,0,0,0,0,33073982
0,1,0,0,1,1,0,32740064
0,1,0,0,0,0,1,32828577
0,0,0,0,1,0,0,32839694
0,0,0,0,1,0,0,32834380
0,1,0,0,0,0,0,33036814
0,1,0,0,1,0,0,32233876
0,0,0,0,1,0,0,32876259
0,0,0,1,0,0,1,32643158
0,0,0,0,1,0,1,32445030
0,0,0,1,0,0,0,32579874
0,0,1,0,1,1,0,32834596
0,0,0,0,1,0,0,32947751
0,0,0,0,1,0,0,33046929
0,0,0,1,0,0,0,32755569
0,1,0,0,1,0,0,32578843
0,0,0,0,0,0,1,32950880
0,0,0,0,0,0,1,32610153
1,0,0,0,0,0,0,32344366
0,0,0,0,1,0,0,32354664
0,0,0,0,1,0,0,32284951
0,0,0,0,0,0,1,32925755
0,1,0,0,0,0,0,32376589
0,1,0,0,0,1,0,33146873
0,0,0,0,1,0,0,32540920
0,0,0,0,1,0,0,32991237
0,0,0,1,0,0,1,32837113
0,1,0,0,1,0,0,32425014
0,0,0,0,0,0,1,32470486
0,0,0,0,1,0,0,32765200
0,0,0,0,1,0,0,32821538
0,0,0,0,1,0,0,32703089
0,0,0,0,1,0,0,32859666
0,0,0,0,0,0,1,32411313
1,0,0,0,0,0,0,32313807
0,0,0,1,0,0,1,32628137
0,0,0,0,1,0,0,32834279
0,0,1,0,1,0,0,32678037
0,0,0,0,1,0,0,32920494
0,1,0,0,0,0,0,32883809
0,0,0,0,1,0,1,32197787
0,0,0,0,1,0,0,32503305
0,0,0,0,1,1,0,33485924
0,1,0,0,0,0,0,32531548
0,0,0,0,0,0,1,32781984
0,0,0,0,1,0,0,32775785
0,0,0,0,1,1,0,33933322
0,0,0,0,1,0,0,32513292
0,0,0,0,1,0,0,32367850
0,0,0,0,0,0,1,32297988
0,0,0,0,1,0,0,32440724
0,0,0,0,1,0,0,32159317
0,0,0,0,0,0,1,32179150
0,0,0,0,1,0,0,32478545
0,0,0,0,1,0,0,32830935
0,0,0,0,1,0,0,32999949
0,0,0,0,1,0,0,32519953
1,0,0,0,0,0,0,32056407
0,1,0,1,0,0,1,32591762
0,0,0,0,1,0,0,32716892
0,1,0,0,0,0,0,32489929
0,0,0,0,1,0,0,32593056
0,1,0,0,1,0,0,32986795
0,1,0,0,0,0,0,32473009
0,0,0,1,0,0,1,33058425
0,0,0,0,0,0,1,32732352
0,0,0,0,1,0,0,32956613
0,0,0,0,1,0,0,32554344
0,1,0,0,0,0,1,32953401
0,0,0,0,0,0,1,32723104
0,0,0,0,0,0,1,32920504
0,0,0,0,1,0,0,32432994
0,0,0,0,1,0,0,32724732
0,0,0,0,1,0,0,32504552
0,0,1,0,1,0,0,32836528
0,0,0,1,0,0,1,32759577
0,0,0,0,1,0,0,32550647
0,0,0,0,1,1,0,34112645
0,0,0,1,0,0,1,32450346
0,0,0,0,1,0,0,32973511
0,0,0,1,0,0,1,32943628
0,0,1,0,1,0,0,32702051
0,1,0,0,1,1,0,32609360
0,0,0,0,1,0,0,32916692
0,0,0,0,1,0,0,32867423
0,0,0,0,1,0,0,32946584
0,0,0,0,1,0,0,32474718
0,0,0,0,1,0,0,32607860
0,1,0,0,0,0,0,32656172
0,0,0,0,1,0,0,32565367
0,0,1,0,0,0,0,32837309
0,0,0,0,1,0,0,32415422
0,0,1,0,0,0,0,32501368
0,0,0,1,0,0,1,32754160
0,0,0,0,1,0,0,32474908
1,0,0,0,0,0,0,33041119
0,0,0,0,0,0,1,32303717
0,0,0,0,1,1,0,34313896
0,1,0,0,0,0,1,32963090
0,0,0,0,1,1,0,33173840
0,0,0,0,1,0,0,32890254
0,0,0,1,0,0,1,32762081
0,1,0,1,0,0,1,32960072
0,1,0,0,0,0,0,32561990
0,0,1,0,1,0,0,32726185
1,0,0,0,0,0,0,32940880
0,1,0,0,0,0,0,32665420
0,0,0,1,0,0,1,32661423
0,0,0,0,0,0,1,32434789
0,1,0,0,0,1,0,32397896
0,0,0,1,0,0,1,32303424
1,0,0,0,0,0,0,32900267
0,0,0,1,0,0,1,32966040
1,0,0,0,0,0,0,32923230
0,1,0,0,0,0,1,32900406
0,1,0,0,1,0,1,32725955
1,0,0,0,0,0,0,32420305
0,0,0,0,1,0,0,32772540
0,0,0,1,0,0,1,32772313
0,0,0,0,0,1,0,32361996
0,0,0,0,0,0,1,32538209
0,0,0,0,1,1,0,32645477
1,0,0,0,0,0,0,32226962
0,1,0,1,1,0,1,32450197
0,0,0,0,0,0,1,32496210
0,1,0,0,0,0,1,33042672
0,0,0,0,1,0,0,32344425
0,0,0,0,1,0,0,33024452
1,0,0,0,0,0,0,32266184
0,1,0,1,0,0,1,32879801
1,0,0,0,0,0,0,32787702
1,0,0,0,0,0,0,32189175
0,0,1,0,1,0,0,32486011
0,0,0,0,1,0,0,32766413
0,1,0,0,0,0,0,32435925
1,0,0,0,0,0,0,32514854
0,1,0,0,0,0,1,32537662
0,1,0,0,1,1,0,33647516
0,0,0,0,1,0,0,32398137
1,0,0,0,0,0,0,32628129
0,0,0,1,0,0,0,32712910
0,1,0,0,0,0,1,33067892
0,0,0,0,1,1,0,33213689
0,0,0,0,1,0,0,32942698
0,0,0,0,1,0,0,32874688
0,0,0,0,1,0,0,33072712
1,0,0,0,0,0,0,32983734
0,0,0,0,0,0,1,32707160
0,0,0,0,1,0,0,32653468
0,0,1,0,1,0,0,32413112
0,0,1,0,1,0,0,33224421
0,0,1,0,1,0,0,32716517
0,1,0,0,0,0,1,32731283
0,1,0,0,0,0,0,32279081
0,1,0,0,0,0,1,32395790
0,1,0,0,0,0,1,32799694
0,0,0,0,1,0,0,32837652
0,0,0,0,1,0,0,32335244
0,0,0,0,1,0,0,32921824
0,0,0,0,1,0,0,32878575
0,0,0,0,1,1,0,33382758
1,0,0,0,0,0,0,32686375
0,0,0,0,1,1,0,33571106
0,0,0,1,0,0,1,32576357
0,1,0,1,0,0,0,32837728
1,0,0,0,0,0,0,32784110
0,0,0,0,0,0,1,32292529
0,0,0,0,1,0,0,32508257
0,0,0,0,1,0,0,32774764
0,0,0,0,0,1,0,32311350
0,0,0,1,0,0,1,32945216
0,0,0,0,1,1,0,34319149
0,0,1,0,0,1,0,32834818
0,0,0,0,0,1,0,34035795
0,0,0,0,1,0,0,32956296
0,0,0,0,1,0,0,32947759
0,1,0,0,0,0,1,32391657
0,0,0,0,1,0,0,32889073
0,0,0,0,0,0,1,32919683
0,0,0,0,1,0,0,32324456
0,0,0,0,1,0,1,32993779
0,0,0,0,1,0,0,32580396
0,1,0,0,0,0,0,32506726
0,0,1,0,0,1,0,32431085
0,0,0,0,1,0,0,32731428
0,0,0,1,0,0,1,33073716
0,0,0,0,1,0,0,32961466
0,1,0,0,0,0,1,32610364
0,0,0,0,1,0,0,32608474
0,1,0,0,1,1,0,34169574
0,0,0,1,0,0,1,32522617
0,0,0,0,1,0,0,32376532
0,0,0,0,1,0,0,32386942
0,0,1,0,1,1,0,32375455
0,0,0,0,1,0,1,32651882
1,0,0,0,0,0,0,32922854
0,0,0,0,1,0,0,32312919
1,0,0,0,0,0,0,32931823
0,0,0,0,1,0,0,32520750
0,1,0,0,0,0,0,32827394
0,0,0,0,1,0,0,32836474
0,0,0,0,1,1,0,33570837
1,0,0,0,0,0,0,32637086
0,0,1,0,1,0,0,32755845
0,0,0,1,0,0,1,32759006
0,1,0,0,0,0,0,32673122
0,0,0,0,1,1,0,32340022
0,0,0,0,0,0,1,32311760
0,1,0,0,0,0,0,32626666
0,0,0,1,0,0,1,32502901
0,1,0,0,0,0,1,32500700
0,0,0,1,0,1,0,33332472
0,0,0,0,1,0,0,32803237
0,0,0,0,1,0,0,32989148
0,0,0,0,0,0,1,32597466
0,0,0,1,0,0,1,32996784
0,0,0,0,1,0,0,32921916
0,0,0,0,1,0,0,32679848
0,0,0,0,1,0,0,32722217
0,0,0,0,0,0,1,32737069
0,0,0,1,0,0,1,32963703
0,0,0,0,1,1,0,33456432
0,0,0,0,0,0,1,33017904
0,0,0,0,0,0,1,32651959
0,0,0,0,1,1,0,32544288
0,0,0,0,1,0,0,32497794
0,0,0,0,1,1,0,33189939
0,0,0,0,1,0,0,32535794
0,1,0,0,0,0,1,32679582
0,0,0,0,1,0,0,32877014
0,0,0,0,1,0,1,32845730
0,0,0,0,1,0,0,32598501
0,1,0,0,0,0,1,33077274
0,0,0,0,1,0,0,32900707
0,0,0,0,1,1,0,33119244
0,0,0,0,1,0,0,33015824
0,0,0,0,1,0,0,32686094
0,1,0,0,0,0,0,32283980
0,0,0,0,0,0,1,32397911
0,1,0,0,1,0,0,32635234
0,0,0,0,1,0,0,32468845
0,1,0,0,0,0,1,32708526
0,0,0,1,0,0,1,32463239
0,1,0,0,0,0,1,32672844
1,0,0,0,0,0,0,32586959
0,1,0,0,0,0,1,33003692
0,0,0,0,1,0,0,32802694
0,1,0,0,0,0,0,32856766
0,0,0,0,1,0,0,32235119
1,0,0,0,0,0,0,32574433
0,0,1,0,0,0,0,32834663
0,0,0,1,0,1,1,33330557
0,1,0,0,0,0,1,32927835
0,1,0,1,1,1,0,33572857
0,1,0,0,0,0,0,33000560
0,0,0,0,1,0,0,32811330
0,0,1,0,1,0,0,32869008
0,0,0,0,1,0,0,32787399
0,1,0,0,0,0,1,32712623
0,1,0,0,0,0,1,33072634
0,0,0,0,1,1,0,33857608
0,0,0,0,1,1,0,33508262
0,0,1,0,1,0,0,33197471
0,0,0,0,1,0,0,32860959
0,0,1,0,1,0,0,32760133
0,0,0,0,1,0,0,32387072
0,0,0,1,0,0,1,32882061
1,0,0,0,0,0,0,32494330
0,0,0,0,1,0,1,32850928
0,0,1,0,1,0,0,32738248
0,1,0,0,0,0,0,32630601
0,0,0,0,1,0,0,32746670
0,1,0,0,0,0,0,32485157
0,0,0,1,0,0,1,32533263
0,0,0,0,1,0,0,32278298
0,0,0,0,1,0,0,32818035
0,0,0,0,1,0,0,32393101
0,0,1,0,1,0,0,32834580
1,0,0,0,0,0,0,32542129
0,0,0,1,0,0,1,32824985
0,0,0,1,0,1,0,33042101
1,0,0,0,0,0,0,32921748
0,0,0,0,1,0,0,32539889
0,0,0,0,1,0,0,32268635
0,0,0,0,1,0,0,32318986
0,0,0,1,0,0,0,32643596
0,0,0,0,0,1,0,32546368
0,1,0,0,0,0,0,32918466
0,0,0,0,0,1,0,33510270
0,1,0,0,0,0,0,32521643
0,0,0,0,0,0,1,32077441
0,0,0,0,1,0,1,32425471
0,1,0,0,0,0,0,32921710
0,0,0,0,1,0,0,32889688
0,0,0,1,0,0,1,32380316
1,0,0,0,0,0,0,32510771
0,0,0,0,1,0,0,32449757
0,0,0,0,1,0,0,32883925
0,0,0,0,1,0,0,33046313
0,0,0,0,1,0,0,32439272
0,0,0,0,1,0,0,32820333
0,0,0,0,0,0,1,32936689
1,0,0,0,0,0,0,32926682
0,0,1,0,0,0,0,33418438
0,0,0,0,0,0,1,32957305
0,1,0,0,0,0,1,32352401
0,0,0,0,1,0,0,32526661
0,1,0,0,0,0,1,32519944
0,0,0,1,0,0,1,32863070
0,0,0,1,0,0,1,32818852
0,1,0,0,0,0,1,32652021
0,0,0,1,0,0,1,33069672
0,1,0,0,0,0,1,32660520
0,0,0,1,0,0,0,32972948
0,0,0,0,1,0,0,32634536
1,0,0,0,0,0,0,32901391
0,1,0,0,0,0,1,32423908
0,0,0,0,1,0,0,32980748
0,0,0,1,0,0,1,32345646
0,0,0,0,0,0,1,32416415
0,0,0,0,0,0,1,32503663
0,0,0,0,1,1,0,34111117
0,1,0,0,0,0,1,32860454
0,0,0,0,1,1,0,33930765
0,0,0,0,0,0,1,33008479
1,0,0,0,0,0,0,32696811
0,0,0,1,0,0,1,32308266
0,0,0,0,1,0,0,32247320
0,0,0,0,1,0,0,32293717
0,0,0,0,1,0,1,32736332
0,0,0,1,0,0,1,32512929
1,0,0,0,0,0,0,32525829
1,0,0,0,0,0,0,32554811
0,0,0,1,0,0,0,32759995
0,1,0,0,0,0,0,32844526
0,1,0,0,0,0,0,32504944
0,0,0,1,0,1,0,34127650
0,0,1,0,1,0,0,33880322
0,0,0,0,0,0,1,32957380
0,1,0,1,0,0,1,32469387
0,0,0,0,1,1,0,34192177
0,1,0,0,1,0,0,32834612
0,0,0,0,0,0,1,32654489
0,0,0,0,1,0,1,32660314
0,0,0,0,1,0,0,32643811
0,0,0,0,1,0,0,32346394
0,1,0,0,0,0,1,33025502
0,1,0,0,1,1,0,34133953
0,0,0,0,1,0,0,32278932
0,1,0,0,0,0,1,32654303
0,0,1,0,0,0,0,32834248
0,0,0,1,0,0,0,32553716
0,0,0,0,0,0,1,32308263
0,0,0,1,0,1,0,33456724
0,0,1,0,0,0,1,33898210
0,0,0,0,1,1,0,34083700
0,0,0,1,0,0,1,32850973
0,1,0,1,0,0,0,32679621
1,0,0,0,0,0,0,32934849
1,0,0,0,0,0,0,32769902
0,0,0,0,1,0,1,32932582
0,0,0,0,0,0,1,33063117
0,0,0,0,1,0,0,32398432
0,0,0,0,1,0,0,32911671
0,1,0,0,0,0,0,32576346
0,1,0,0,0,0,0,32594170
0,1,0,0,0,0,1,32336564
0,0,0,0,1,0,0,32360770
0,0,0,0,1,0,0,32965559
0,1,0,0,1,0,0,33075539
0,0,0,1,0,0,1,32501427
0,0,0,0,1,1,0,32271724
1,0,0,0,0,0,0,32885626
0,0,0,0,1,0,0,33014657
0,0,0,1,0,0,0,32507105
0,0,1,0,1,0,0,34166416
0,0,0,1,0,0,1,32544563
0,0,0,0,1,0,0,32948360
0,0,0,1,0,0,1,32970990
0,1,0,0,0,0,1,32772679
0,1,0,0,0,0,1,32802622
0,0,0,0,1,0,0,33062736
0,0,0,0,1,0,0,32934629
0,0,0,0,1,0,0,32616582
0,0,0,1,0,0,0,33040198
0,1,0,0,0,0,0,32876777
0,0,0,0,0,0,1,33073552
0,1,0,0,0,0,0,32547309
0,0,0,0,1,1,1,32393381
0,0,0,0,1,0,0,32852851
0,0,0,0,1,0,0,32894991
0,0,0,0,1,0,0,32674088
0,0,0,0,1,0,0,32306015
0,1,0,0,0,0,1,32772283
0,1,0,1,0,0,1,33042116
1,0,0,0,0,0,0,32656711
0,0,0,0,1,0,0,33028491
0,1,0,0,0,0,0,33034353
0,0,0,0,1,1,0,33045075
0,0,0,0,1,0,0,32569905
0,0,1,0,1,0,0,32838061
0,0,0,0,1,0,0,32562268
0,1,0,0,1,1,0,33519136
0,0,0,0,1,0,0,32538803
0,1,0,0,0,0,0,33024752
0,0,0,0,1,0,0,32997807
0,1,0,0,0,0,1,32919265
0,1,0,0,0,0,1,32748578
0,0,0,0,0,0,1,32560746
0,1,0,0,0,0,1,32793616
0,0,1,0,0,0,0,33657128
0,0,0,0,1,0,0,32774007
0,0,0,0,1,0,0,32501373
0,0,0,1,0,1,0,33826681
0,0,0,0,0,1,0,33758453
0,0,0,0,1,0,0,32898896
0,0,0,0,1,0,0,33040749
0,0,1,0,0,0,0,32380708
0,0,1,0,1,1,0,32129581
0,1,0,0,0,0,0,32640418
0,0,0,0,1,1,0,33763227
0,0,0,1,0,0,1,32216698
0,0,0,0,1,0,0,32515698
0,0,0,0,0,1,0,33521411
0,1,0,0,0,0,0,33031819
0,0,0,0,0,0,1,32592507
0,0,0,1,0,0,1,32683890
0,0,0,0,1,0,0,32524743
0,0,0,0,1,1,0,33772573
0,0,0,0,1,0,0,32584753
0,0,0,0,0,0,1,32784192
0,1,0,0,0,1,0,33058068
0,0,0,1,0,0,0,32885971
0,0,1,1,1,0,0,32722343
0,0,0,0,0,0,1,32426754
0,0,0,0,1,0,0,32621755
0,0,0,0,1,0,0,32865183
0,0,0,1,0,0,1,32469265
1,0,0,0,0,0,0,32963836
0,0,0,0,1,1,0,33394643
0,0,0,0,1,0,0,32856167
0,0,0,0,0,0,1,32756065
1,0,0,0,0,0,0,33024534
0,0,0,1,0,0,1,32991819
0,0,0,0,1,0,0,32829956
0,0,0,0,1,0,0,32582323
0,0,0,1,0,0,1,32513867
0,0,0,1,0,0,1,31905842
1,0,0,0,0,0,0,32963854
0,0,0,0,1,0,0,32813857
0,1,0,0,0,0,0,32606519
0,1,0,1,1,0,0,33015553
0,0,0,1,0,0,1,32687918
0,0,0,0,0,0,1,32689937
0,0,0,0,1,0,0,32876019
0,0,0,0,0,0,1,32568282
0,0,0,0,1,0,0,32838374
0,1,0,0,0,0,0,32780376
0,0,0,1,0,0,1,32735889
0,1,0,1,0,0,1,33036853
0,0,0,0,1,0,0,32948084
0,0,0,0,1,0,0,32417554
0,0,0,1,0,0,1,32451080
0,1,0,0,0,0,1,32485619
0,1,0,0,0,0,0,32754250
0,1,0,0,1,0,1,32619766
0,0,0,0,1,0,0,32312585
1,0,0,0,0,0,0,32901760
1,0,0,0,0,0,0,32855992
0,0,0,0,1,0,0,32703701
0,0,0,0,1,1,0,32269018
0,1,0,0,0,0,0,32797641
0,0,0,0,1,0,0,32601623
1,0,0,0,0,0,0,32923003
0,1,0,0,0,0,0,32568730
0,0,0,0,1,0,0,32607397
0,1,0,0,0,0,1,32709280
0,0,0,0,1,0,0,32533663
0,0,0,0,1,0,0,32792591
0,0,0,0,1,0,0,32959614
0,1,0,0,0,0,0,32341142
0,1,0,0,0,0,0,32777031
0,0,0,1,0,0,1,32528233
1,0,0,0,0,0,0,32067043
0,0,0,0,1,0,0,32670919
0,0,0,0,1,0,0,32723469
1,0,0,0,0,0,0,32337148
0,0,0,0,1,0,0,32756506
0,1,0,0,0,0,1,32542842
0,1,0,0,1,0,1,32687551
0,0,0,0,1,1,0,33231409
0,1,0,0,0,0,1,32700561
0,0,0,0,0,0,1,32586154
0,0,0,0,1,1,0,34190583
0,0,0,0,0,0,1,32766112
0,1,0,0,1,0,1,32815846
0,1,0,0,0,0,1,32613385
1,0,0,0,0,0,0,32514399
0,0,0,0,1,1,0,32559315
0,0,0,0,1,0,0,32524147
0,0,0,0,1,0,0,32525979
1,0,0,0,0,0,0,32277408
0,0,0,0,0,0,1,31996494
0,0,0,0,1,0,0,32746738
1,0,0,0,0,0,0,32370558
1,0,0,0,0,0,0,32926684
0,0,0,0,1,0,0,32623270
0,0,0,0,1,0,0,33022134
0,0,0,0,1,0,0,32425642
0,0,0,0,0,0,1,33051497
0,1,0,0,0,0,0,32758747
0,1,0,0,0,0,1,32662869
0,0,0,1,0,1,1,33497931
0,1,0,0,0,0,0,33020185
0,0,0,0,0,0,1,32298807
0,0,0,1,0,0,1,32963099
0,1,0,0,0,0,0,32642164
0,0,0,0,1,0,0,32854109
0,0,0,1,0,0,1,32462988
0,0,1,0,1,0,0,32537480
0,0,0,1,0,0,1,32430286
1,0,0,0,0,0,0,32473964
1,0,0,0,0,0,0,32645174
0,0,1,0,0,0,0,33424191
0,0,0,1,0,0,0,32056249
0,0,0,0,1,0,0,32611362
0,0,0,0,0,0,1,32758298
0,1,0,0,0,0,0,32459192
0,0,0,0,1,0,0,32515882
0,0,0,0,1,0,0,32564983
0,0,0,0,1,0,0,32783337
0,1,0,0,0,0,0,32977117
0,1,0,0,1,1,0,33031963
1,0,0,0,0,0,0,32616030
0,0,0,1,0,0,0,32695405
0,0,0,0,1,0,0,32570819
0,0,0,0,1,0,0,32366658
0,1,0,0,0,0,0,32935628
1,0,0,0,0,0,0,32360384
0,0,0,1,0,0,1,32698249
0,0,0,0,1,0,0,32989424
0,1,0,0,0,0,1,32238757
0,0,0,0,1,0,0,32442732
0,0,0,1,0,0,1,32335161
0,0,0,0,1,0,0,33037190
0,0,0,0,1,0,0,32660047
0,0,0,1,0,0,1,32446778
0,0,0,1,0,0,1,32918944
0,1,0,0,0,0,0,33074449
0,0,0,0,0,0,1,32889759
0,0,0,1,0,0,1,32863034
0,0,0,0,1,0,0,32542061
1,0,0,0,0,0,0,32685905
0,0,0,1,0,1,1,33461573
0,0,0,0,0,0,1,32595358
0,0,0,0,1,0,0,32984831
0,0,0,0,1,0,0,32443828
0,1,0,0,0,0,0,32386012
0,0,0,0,1,0,0,32816114
1,0,0,0,0,0,0,32754730
